Period,Location,Time,Temperature,Reading (Oxygen),Reading (Hydrogen Cyanide),TWA (Hydrogen Cyanide),STEL (Hydrogen Cyanide),Reading (Nitrogen Dioxide),TWA (Nitrogen Dioxide),STEL (Nitrogen Dioxide),Reading (Hydrogen Sulfide),TWA (Hydrogen Sulfide),STEL (Hydrogen Sulfide),Reading (Carbon Monoxide),TWA (Carbon Monoxide),STEL (Carbon Monoxide),Reading (Carbon Dioxide),TWA (Carbon Dioxide),STEL (Carbon Dioxide)
1,,6/27/2015 8:27:25 AM,12,21.5,0,0,0,0,0,0,0,0,0,0,0,0,-0.03,0,0
1,,6/27/2015 8:27:30 AM,12,21.5,0,0,0,0,0,0,0,0,0,0,0,0,-0.03,0,0
1,,6/27/2015 8:27:35 AM,13,21.4,-0.1,0,0,0,0,0,0,0,0,0,0,0,-0.03,0,0
1,,6/27/2015 8:27:40 AM,13,21.4,0,0,0,0,0,0,0,0,0,0,0,0,-0.03,0,0
1,,6/27/2015 8:27:45 AM,13,21.4,-0.1,0,0,0,0,0,0,0,0,0,0,0,-0.03,0,0
1,,6/27/2015 8:27:50 AM,13,21.6,0,0,0,0,0,0,0,0,0,0,0,0,-0.03,0,0
1,,6/27/2015 8:27:55 AM,13,21.8,0,0,0,0,0,0,0,0,0,0,0,0,-0.04,0,0
1,,6/27/2015 8:28:00 AM,13,22,0,0,0,0,0,0,0,0,0,0,0,0,-0.05,0,0
1,,6/27/2015 8:28:05 AM,13,22,0,0,0,0,0,0,0,0,0,0,0,0,-0.05,0,0
1,,6/27/2015 8:28:10 AM,13,22.1,0,0,0,0,0,0,0,0,0,0,0,0,-0.05,0,0
1,,6/27/2015 8:28:15 AM,13,22.1,0,0,0,0,0,0,0,0,0,0,0,0,-0.05,0,0
1,,6/27/2015 8:28:20 AM,13,22.1,0,0,0,0,0,0,0,0,0,0,0,0,-0.05,0,0
1,,6/27/2015 8:28:25 AM,13,22.1,0,0,0,0,0,0,0,0,0,0,0,0,-0.05,0,0
1,,6/27/2015 8:28:30 AM,13,22.1,-0.1,0,0,0,0,0,0,0,0,0,0,0,-0.05,0,0
1,,6/27/2015 8:28:35 AM,13,22.1,0,0,0,0,0,0,0,0,0,0,0,0,-0.05,0,0
1,,6/27/2015 8:28:40 AM,13,22.1,0,0,0,0,0,0,0,0,0,0,0,0,-0.05,0,0
1,,6/27/2015 8:28:45 AM,13,22.1,0,0,0,0,0,0,0,0,0,0,0,0,-0.05,0,0
1,,6/27/2015 8:28:50 AM,13,22.1,0,0,0,0,0,0,0,0,0,0,0,0,-0.05,0,0
1,,6/27/2015 8:28:55 AM,13,22.2,0,0,0,0,0,0,0,0,0,0,0,0,-0.05,0,0
1,,6/27/2015 8:29:00 AM,13,22.2,-0.1,0,0,0,0,0,0,0,0,0,0,0,-0.05,0,0
1,,6/27/2015 8:29:05 AM,13,22.2,-0.1,0,0,0,0,0,0,0,0,0,0,0,-0.05,0,0
1,,6/27/2015 8:29:10 AM,13,22.1,0,0,0,0,0,0,0,0,0,0,0,0,-0.05,0,0
1,,6/27/2015 8:29:15 AM,13,22,0,0,0,0,0,0,0,0,0,0,0,0,-0.05,0,0
1,,6/27/2015 8:29:20 AM,13,21.8,0,0,0,0,0,0,0,0,0,0,0,0,-0.05,0,0
1,,6/27/2015 8:29:25 AM,13,21.7,-0.1,0,0,0,0,0,0,0,0,0,0,0,-0.05,0,0
1,,6/27/2015 8:29:30 AM,13,21.6,-0.1,0,0,0,0,0,0,0,0,0,0,0,-0.05,0,0
1,,6/27/2015 8:29:35 AM,13,21.5,-0.1,0,0,0,0,0,0,0,0,0,0,0,-0.05,0,0
1,,6/27/2015 8:29:40 AM,13,21.4,-0.1,0,0,0,0,0,0,0,0,0,0,0,-0.05,0,0
1,,6/27/2015 8:29:45 AM,13,21.3,0,0,0,0,0,0,0,0,0,0,0,0,-0.05,0,0
1,,6/27/2015 8:29:50 AM,13,21.3,0,0,0,0,0,0,0,0,0,0,0,0,-0.05,0,0
1,,6/27/2015 8:29:55 AM,13,21.2,-0.1,0,0,0,0,0,0,0,0,0,0,0,-0.05,0,0
1,,6/27/2015 8:30:00 AM,13,21.1,-0.1,0,0,0,0,0,0,0,0,0,0,0,-0.05,0,0
1,,6/27/2015 8:30:05 AM,13,21.1,-0.1,0,0,0,0,0,0,0,0,0,0,0,-0.05,0,0
1,,6/27/2015 8:30:10 AM,13,21,0,0,0,0,0,0,0,0,0,0,0,0,-0.05,0,0
1,,6/27/2015 8:30:15 AM,13,20.9,-0.1,0,0,0,0,0,0,0,0,0,0,0,-0.05,0,0
1,,6/27/2015 8:30:20 AM,13,20.9,0,0,0,0,0,0,0,0,0,0,0,0,-0.05,0,0
1,,6/27/2015 8:30:25 AM,13,20.9,0,0,0,0,0,0,0,0,0,0,0,0,-0.05,0,0
1,,6/27/2015 8:30:30 AM,13,20.8,-0.1,0,0,0,0,0,0,0,0,0,0,0,-0.05,0,0
1,,6/27/2015 8:30:35 AM,13,20.8,-0.1,0,0,0,0,0,0,0,0,0,0,0,-0.05,0,0
1,,6/27/2015 8:30:40 AM,13,20.8,-0.1,0,0,0,0,0,0,0,0,0,0,0,-0.05,0,0
1,,6/27/2015 8:30:45 AM,13,20.7,-0.1,0,0,0,0,0,0,0,0,0,0,0,-0.05,0,0
1,,6/27/2015 8:30:50 AM,13,20.7,-0.1,0,0,0,0,0,0,0,0,0,0,0,-0.05,0,0
1,,6/27/2015 8:30:55 AM,13,20.7,0,0,0,0,0,0,0,0,0,0,0,0,-0.05,0,0
1,,6/27/2015 8:31:00 AM,13,20.7,-0.1,0,0,0,0,0,0,0,0,0,0,0,-0.05,0,0
1,,6/27/2015 8:31:05 AM,13,20.6,-0.1,0,0,0,0,0,0,0,0,0,0,0,-0.05,0,0
1,,6/27/2015 8:31:10 AM,13,20.6,-0.1,0,0,0,0,0,0,0,0,0,0,0,-0.05,0,0
1,,6/27/2015 8:31:15 AM,13,20.6,-0.1,0,0,0,0,0,0,0,0,0,0,0,-0.05,0,0
1,,6/27/2015 8:31:20 AM,13,20.6,-0.1,0,0,0,0,0,0,0,0,0,0,0,-0.05,0,0
1,,6/27/2015 8:31:25 AM,13,20.6,-0.1,0,0,0,0,0,0,0,0,0,0,0,-0.05,0,0
1,,6/27/2015 8:31:30 AM,13,20.6,-0.1,0,0,0,0,0,0,0,0,0,0,0,-0.05,0,0
1,,6/27/2015 8:31:35 AM,13,20.6,-0.1,0,0,0,0,0,0,0,0,0,0,0,-0.05,0,0
1,,6/27/2015 8:31:40 AM,13,20.6,-0.1,0,0,0,0,0,0,0,0,0,0,0,-0.05,0,0
1,,6/27/2015 8:31:45 AM,13,20.5,-0.1,0,0,0,0,0,0,0,0,0,0,0,-0.05,0,0
1,,6/27/2015 8:31:50 AM,13,20.5,-0.1,0,0,0,0,0,0,0,0,0,0,0,-0.05,0,0
1,,6/27/2015 8:31:55 AM,13,20.5,-0.1,0,0,0,0,0,0,0,0,0,0,0,-0.05,0,0
1,,6/27/2015 8:32:00 AM,13,20.5,-0.1,0,0,0,0,0,0,0,0,0,0,0,-0.05,0,0
1,,6/27/2015 8:32:05 AM,13,20.5,-0.1,0,0,0,0,0,0,0,0,0,0,0,-0.05,0,0
1,,6/27/2015 8:32:10 AM,13,20.5,-0.1,0,0,0,0,0,0,0,0,0,0,0,-0.05,0,0
1,,6/27/2015 8:32:15 AM,13,20.5,-0.1,0,0,0,0,0,0,0,0,0,0,0,-0.05,0,0
1,,6/27/2015 8:32:20 AM,13,20.5,-0.1,0,0,0,0,0,0,0,0,0,0,0,-0.05,0,0
1,,6/27/2015 8:32:25 AM,13,20.5,-0.1,0,0,0,0,0,0,0,0,0,0,0,-0.05,0,0
1,,6/27/2015 8:32:30 AM,13,20.5,-0.1,0,0,0,0,0,0,0,0,0,0,0,-0.05,0,0
1,,6/27/2015 8:32:35 AM,13,20.5,-0.1,0,0,0,0,0,0,0,0,0,0,0,-0.05,0,0
1,,6/27/2015 8:32:40 AM,13,20.5,-0.1,0,0,0,0,0,0,0,0,0,0,0,-0.05,0,0
1,,6/27/2015 8:32:45 AM,13,20.5,-0.1,0,0,0,0,0,0,0,0,0,0,0,-0.05,0,0
1,,6/27/2015 8:32:50 AM,13,20.5,-0.1,0,0,0,0,0,0,0,0,0,0,0,-0.05,0,0
1,,6/27/2015 8:32:55 AM,13,20.5,-0.1,0,0,0,0,0,0,0,0,0,0,0,-0.05,0,0
1,,6/27/2015 8:33:00 AM,13,20.5,-0.1,0,0,0,0,0,0,0,0,0,0,0,-0.05,0,0
1,,6/27/2015 8:33:05 AM,13,20.5,-0.1,0,0,0,0,0,0,0,0,0,0,0,-0.05,0,0
1,,6/27/2015 8:33:10 AM,13,20.5,-0.1,0,0,0,0,0,0,0,0,0,0,0,-0.05,0,0
1,,6/27/2015 8:33:15 AM,13,20.5,-0.1,0,0,0,0,0,0,0,0,0,0,0,-0.05,0,0
1,,6/27/2015 8:33:20 AM,13,20.5,-0.1,0,0,0,0,0,0,0,0,0,0,0,-0.05,0,0
1,,6/27/2015 8:33:25 AM,13,20.5,-0.1,0,0,0,0,0,0,0,0,0,0,0,-0.05,0,0
1,,6/27/2015 8:33:30 AM,13,20.5,-0.1,0,0,0,0,0,0,0,0,0,0,0,-0.05,0,0
1,,6/27/2015 8:33:35 AM,13,20.5,-0.1,0,0,0,0,0,0,0,0,0,0,0,-0.05,0,0
1,,6/27/2015 8:33:40 AM,13,20.5,-0.1,0,0,0,0,0,0,0,0,0,0,0,-0.05,0,0
1,,6/27/2015 8:33:45 AM,13,20.5,-0.1,0,0,0,0,0,0,0,0,0,0,0,-0.05,0,0
1,,6/27/2015 8:33:50 AM,13,20.5,-0.1,0,0,0,0,0,0,0,0,0,0,0,-0.05,0,0
1,,6/27/2015 8:33:55 AM,13,20.4,-0.1,0,0,0,0,0,0,0,0,0,0,0,-0.05,0,0
1,,6/27/2015 8:34:00 AM,13,20.5,-0.1,0,0,0,0,0,0,0,0,0,0,0,-0.05,0,0
1,,6/27/2015 8:34:05 AM,13,20.5,-0.1,0,0,0,0,0,0,0,0,0,0,0,-0.05,0,0
1,,6/27/2015 8:34:10 AM,13,20.4,-0.1,0,0,0,0,0,0,0,0,0,0,0,-0.05,0,0
1,,6/27/2015 8:34:15 AM,14,20.5,-0.1,0,0,0,0,0,0,0,0,0,0,0,-0.05,0,0
1,,6/27/2015 8:34:20 AM,14,20.5,-0.1,0,0,0,0,0,0,0,0,0,0,0,-0.05,0,0
1,,6/27/2015 8:34:25 AM,13,20.5,-0.1,0,0,0,0,0,0,0,0,0,0,0,-0.05,0,0
1,,6/27/2015 8:34:30 AM,13,20.5,-0.1,0,0,0,0,0,0,0,0,0,0,0,-0.05,0,0
1,,6/27/2015 8:34:35 AM,14,20.5,-0.1,0,0,0,0,0,0,0,0,0,0,0,-0.05,0,0
1,,6/27/2015 8:34:40 AM,13,20.4,-0.1,0,0,0,0,0,0,0,0,0,0,0,-0.05,0,0
1,,6/27/2015 8:34:45 AM,13,20.4,-0.1,0,0,0,0,0,0,0,0,0,0,0,-0.05,0,0
1,,6/27/2015 8:34:50 AM,13,20.5,-0.1,0,0,0,0,0,0,0,0,0,0,0,-0.05,0,0
1,,6/27/2015 8:34:55 AM,13,20.4,-0.1,0,0,0,0,0,0,0,0,0,0,0,-0.05,0,0
1,,6/27/2015 8:35:00 AM,13,20.5,-0.1,0,0,0,0,0,0,0,0,0,0,0,-0.05,0,0
1,,6/27/2015 8:35:05 AM,14,20.5,-0.1,0,0,0,0,0,0,0,0,0,0,0,-0.05,0,0
1,,6/27/2015 8:35:10 AM,14,20.5,-0.1,0,0,0,0,0,0,0,0,0,0,0,-0.05,0,0
1,,6/27/2015 8:35:15 AM,14,20.5,-0.1,0,0,0,0,0,0,0,0,0,0,0,-0.05,0,0
1,,6/27/2015 8:35:20 AM,14,20.5,-0.1,0,0,0,0,0,0,0,0,0,0,0,-0.05,0,0
1,,6/27/2015 8:35:25 AM,14,20.5,-0.1,0,0,0,0,0,0,0,0,0,0,0,-0.05,0,0
1,,6/27/2015 8:35:30 AM,14,20.5,-0.1,0,0,0,0,0,0,0,0,0,0,0,-0.05,0,0
1,,6/27/2015 8:35:35 AM,14,20.5,-0.1,0,0,0,0,0,0,0,0,0,0,0,-0.05,0,0
1,,6/27/2015 8:35:40 AM,14,20.5,-0.1,0,0,0,0,0,0,0,0,0,0,0,-0.05,0,0
1,,6/27/2015 8:35:45 AM,14,20.4,-0.1,0,0,0,0,0,0,0,0,0,0,0,-0.05,0,0
1,,6/27/2015 8:35:50 AM,14,20.4,-0.1,0,0,0,0,0,0,0,0,0,0,0,-0.05,0,0
1,,6/27/2015 8:35:55 AM,14,20.5,-0.1,0,0,0,0,0,0,0,0,0,0,0,-0.05,0,0
1,,6/27/2015 8:36:00 AM,14,20.5,-0.1,0,0,0,0,0,0,0,0,0,0,0,-0.05,0,0
1,,6/27/2015 8:36:05 AM,14,20.4,-0.1,0,0,0,0,0,0,0,0,0,0,0,-0.05,0,0
1,,6/27/2015 8:36:10 AM,14,20.4,-0.1,0,0,0,0,0,0,0,0,0,0,0,-0.05,0,0
1,,6/27/2015 8:36:15 AM,14,20.4,-0.1,0,0,0,0,0,0,0,0,0,0,0,-0.05,0,0
1,,6/27/2015 8:36:20 AM,14,20.4,-0.1,0,0,0,0,0,0,0,0,0,0,0,-0.05,0,0
1,,6/27/2015 8:36:25 AM,14,20.4,-0.1,0,0,0,0,0,0,0,0,0,0,0,-0.05,0,0
1,,6/27/2015 8:36:30 AM,14,20.4,-0.1,0,0,0,0,0,0,0,0,0,0,0,-0.05,0,0
1,,6/27/2015 8:36:35 AM,14,20.4,-0.1,0,0,0,0,0,0,0,0,0,0,0,-0.05,0,0
1,,6/27/2015 8:36:40 AM,14,20.4,-0.1,0,0,0,0,0,0,0,0,0,0,0,-0.05,0,0
1,,6/27/2015 8:36:45 AM,14,20.4,-0.1,0,0,0,0,0,0,0,0,0,0,0,-0.05,0,0
1,,6/27/2015 8:36:50 AM,14,20.4,-0.1,0,0,0,0,0,0,0,0,0,0,0,-0.05,0,0
1,,6/27/2015 8:36:55 AM,14,20.4,-0.1,0,0,0,0,0,0,0,0,0,0,0,-0.05,0,0
1,,6/27/2015 8:37:00 AM,14,20.4,-0.1,0,0,0,0,0,0,0,0,0,0,0,-0.05,0,0
1,,6/27/2015 8:37:05 AM,14,20.4,-0.1,0,0,0,0,0,0,0,0,0,0,0,-0.05,0,0
1,,6/27/2015 8:37:10 AM,14,20.4,-0.1,0,0,0,0,0,0,0,0,0,0,0,-0.05,0,0
1,,6/27/2015 8:37:15 AM,14,20.4,-0.1,0,0,0,0,0,0,0,0,0,0,0,-0.05,0,0
1,,6/27/2015 8:37:20 AM,14,20.4,-0.1,0,0,0,0,0,0,0,0,0,0,0,-0.05,0,0
1,,6/27/2015 8:37:25 AM,14,20.4,-0.1,0,0,0,0,0,0,0,0,0,0,0,-0.05,0,0
1,,6/27/2015 8:37:30 AM,14,20.4,-0.1,0,0,0,0,0,0,0,0,0,0,0,-0.05,0,0
1,,6/27/2015 8:37:35 AM,14,20.4,-0.1,0,0,0,0,0,0,0,0,0,0,0,-0.05,0,0
1,,6/27/2015 8:37:40 AM,14,20.4,-0.1,0,0,0,0,0,0,0,0,0,0,0,-0.05,0,0
1,,6/27/2015 8:37:45 AM,14,20.4,-0.1,0,0,0,0,0,0,0,0,0,0,0,-0.05,0,0
1,,6/27/2015 8:37:50 AM,14,20.4,-0.1,0,0,0,0,0,0,0,0,0,0,0,-0.05,0,0
1,,6/27/2015 8:37:55 AM,14,20.4,-0.1,0,0,0,0,0,0,0,0,0,0,0,-0.05,0,0
1,,6/27/2015 8:38:00 AM,14,20.4,-0.1,0,0,0,0,0,0,0,0,0,0,0,-0.05,0,0
1,,6/27/2015 8:38:05 AM,14,20.4,-0.1,0,0,0,0,0,0,0,0,0,0,0,-0.05,0,0
1,,6/27/2015 8:38:10 AM,14,20.4,-0.1,0,0,0,0,0,0,0,0,0,0,0,-0.05,0,0
1,,6/27/2015 8:38:15 AM,14,20.4,-0.1,0,0,0,0,0,0,0,0,0,0,0,-0.05,0,0
1,,6/27/2015 8:38:20 AM,14,20.4,-0.1,0,0,0,0,0,0,0,0,0,0,0,-0.05,0,0
1,,6/27/2015 8:38:25 AM,14,20.4,-0.1,0,0,0,0,0,0,0,0,0,0,0,-0.05,0,0
1,,6/27/2015 8:38:30 AM,14,20.4,-0.1,0,0,0,0,0,0,0,0,0,0,0,-0.05,0,0
1,,6/27/2015 8:38:35 AM,14,20.4,-0.1,0,0,0,0,0,0,0,0,0,0,0,-0.05,0,0
1,,6/27/2015 8:38:40 AM,14,20.4,-0.1,0,0,0,0,0,0,0,0,0,0,0,-0.05,0,0
1,,6/27/2015 8:38:45 AM,14,20.4,-0.1,0,0,0,0,0,0,0,0,0,0,0,-0.05,0,0
1,,6/27/2015 8:38:50 AM,14,20.4,-0.1,0,0,0,0,0,0,0,0,0,0,0,-0.05,0,0
1,,6/27/2015 8:38:55 AM,14,20.4,-0.1,0,0,0,0,0,0,0,0,0,0,0,-0.05,0,0
1,,6/27/2015 8:39:00 AM,14,20.4,-0.1,0,0,0,0,0,0,0,0,0,0,0,-0.05,0,0
1,,6/27/2015 8:39:05 AM,14,20.4,-0.1,0,0,0,0,0,0,0,0,0,0,0,-0.05,0,0
1,,6/27/2015 8:39:10 AM,14,20.4,-0.1,0,0,0,0,0,0,0,0,0,0,0,-0.05,0,0
1,,6/27/2015 8:39:15 AM,14,20.4,-0.1,0,0,0,0,0,0,0,0,0,0,0,-0.05,0,0
1,,6/27/2015 8:39:20 AM,14,20.4,-0.1,0,0,0,0,0,0,0,0,0,0,0,-0.05,0,0
1,,6/27/2015 8:39:25 AM,14,20.4,-0.1,0,0,0,0,0,0,0,0,0,0,0,-0.05,0,0
1,,6/27/2015 8:39:30 AM,14,20.4,-0.1,0,0,0,0,0,0,0,0,0,0,0,-0.05,0,0
1,,6/27/2015 8:39:35 AM,14,20.4,-0.1,0,0,0,0,0,0,0,0,0,0,0,-0.05,0,0
1,,6/27/2015 8:39:40 AM,14,20.4,-0.1,0,0,0,0,0,0,0,0,0,0,0,-0.05,0,0
1,,6/27/2015 8:39:45 AM,14,20.4,-0.1,0,0,0,0,0,0,0,0,0,0,0,-0.05,0,0
1,,6/27/2015 8:39:50 AM,14,20.4,-0.1,0,0,0,0,0,0,0,0,0,0,0,-0.05,0,0
1,,6/27/2015 8:39:55 AM,14,20.4,-0.1,0,0,0,0,0,0,0,0,0,0,0,-0.05,0,0
1,,6/27/2015 8:40:00 AM,14,20.4,-0.1,0,0,0,0,0,0,0,0,0,0,0,-0.05,0,0
1,,6/27/2015 8:40:05 AM,14,20.4,-0.1,0,0,0,0,0,0,0,0,0,0,0,-0.05,0,0
1,,6/27/2015 8:40:10 AM,14,20.4,-0.1,0,0,0,0,0,0,0,0,0,0,0,-0.05,0,0
1,,6/27/2015 8:40:15 AM,14,20.4,-0.1,0,0,0,0,0,0,0,0,0,0,0,-0.05,0,0
1,,6/27/2015 8:40:20 AM,14,20.4,-0.1,0,0,0,0,0,0,0,0,0,0,0,-0.05,0,0
1,,6/27/2015 8:40:25 AM,14,20.4,-0.1,0,0,0,0,0,0,0,0,0,0,0,-0.05,0,0
1,,6/27/2015 8:40:30 AM,14,20.4,-0.1,0,0,0,0,0,0,0,0,0,0,0,-0.05,0,0
1,,6/27/2015 8:40:35 AM,14,20.4,-0.1,0,0,0,0,0,0,0,0,0,0,0,-0.05,0,0
1,,6/27/2015 8:40:40 AM,14,20.4,-0.1,0,0,0,0,0,0,0,0,0,0,0,-0.05,0,0
1,,6/27/2015 8:40:45 AM,14,20.4,-0.1,0,0,0,0,0,0,0,0,0,0,0,-0.05,0,0
1,,6/27/2015 8:40:50 AM,14,20.4,-0.1,0,0,0,0,0,0,0,0,0,0,0,-0.05,0,0
1,,6/27/2015 8:40:55 AM,14,20.4,-0.1,0,0,0,0,0,0,0,0,0,0,0,-0.05,0,0
1,,6/27/2015 8:41:00 AM,14,20.5,-0.1,0,0,0,0,0,0,0,0,0,0,0,-0.05,0,0
1,,6/27/2015 8:41:05 AM,14,20.4,-0.1,0,0,0,0,0,0,0,0,0,0,0,-0.05,0,0
1,,6/27/2015 8:41:10 AM,14,20.4,-0.1,0,0,0,0,0,0,0,0,0,0,0,-0.05,0,0
1,,6/27/2015 8:41:15 AM,14,20.4,-0.1,0,0,0,0,0,0,0,0,0,0,0,-0.05,0,0
1,,6/27/2015 8:41:20 AM,14,20.4,-0.1,0,0,0,0,0,0,0,0,0,0,0,-0.05,0,0
1,,6/27/2015 8:41:25 AM,14,20.4,-0.1,0,0,0,0,0,0,0,0,0,0,0,-0.05,0,0
1,,6/27/2015 8:41:30 AM,14,20.5,-0.1,0,0,0,0,0,0,0,0,0,0,0,-0.05,0,0
1,,6/27/2015 8:41:35 AM,14,20.4,-0.1,0,0,0,0,0,0,0,0,0,0,0,-0.05,0,0
1,,6/27/2015 8:41:40 AM,14,20.4,-0.1,0,0,0,0,0,0,0,0,0,0,0,-0.05,0,0
1,,6/27/2015 8:41:45 AM,14,20.4,-0.1,0,0,0,0,0,0,0,0,0,0,0,-0.05,0,0
1,,6/27/2015 8:41:50 AM,14,20.4,-0.1,0,0,0,0,0,0,0,0,0,0,0,-0.05,0,0
1,,6/27/2015 8:41:55 AM,14,20.4,-0.1,0,0,0,0,0,0,0,0,0,0,0,-0.05,0,0
1,,6/27/2015 8:42:00 AM,14,20.4,-0.1,0,0,0,0,0,0,0,0,0,0,0,-0.05,0,0
1,,6/27/2015 8:42:05 AM,14,20.4,-0.1,0,0,0,0,0,0,0,0,0,0,0,-0.05,0,0
1,,6/27/2015 8:42:10 AM,14,20.4,-0.1,0,0,0,0,0,0,0,0,0,0,0,-0.05,0,0
1,,6/27/2015 8:42:15 AM,14,20.5,-0.1,0,0,0,0,0,0,0,0,0,0,0,-0.05,0,0
1,,6/27/2015 8:42:20 AM,14,20.4,-0.1,0,0,0,0,0,0,0,0,0,0,0,-0.05,0,0
1,,6/27/2015 8:42:25 AM,14,20.4,-0.1,0,0,0,0,0,0,0,0,0,0,0,-0.05,0,0
1,,6/27/2015 8:42:30 AM,14,20.5,-0.1,0,0,0,0,0,0,0,0,0,0,0,-0.05,0,0
1,,6/27/2015 8:42:35 AM,14,20.4,-0.1,0,0,0,0,0,0,0,0,0,0,0,-0.05,0,0
1,,6/27/2015 8:42:40 AM,14,20.5,-0.1,0,0,0,0,0,0,0,0,0,0,0,-0.05,0,0
1,,6/27/2015 8:42:45 AM,14,20.4,-0.1,0,0,0,0,0,0,0,0,0,0,0,-0.05,0,0
1,,6/27/2015 8:42:50 AM,14,20.5,-0.1,0,0,0,0,0,0,0,0,0,0,0,-0.05,0,0
1,,6/27/2015 8:42:55 AM,14,20.5,-0.1,0,0,0,0,0,0,0,0,0,0,0,-0.05,0,0
1,,6/27/2015 8:43:00 AM,14,20.4,-0.1,0,0,0,0,0,0,0,0,0,0,0,-0.05,0,0
1,,6/27/2015 8:43:05 AM,14,20.4,-0.1,0,0,0,0,0,0,0,0,0,0,0,-0.05,0,0
1,,6/27/2015 8:43:10 AM,14,20.5,-0.1,0,0,0,0,0,0,0,0,0,0,0,-0.05,0,0
1,,6/27/2015 8:43:15 AM,14,20.5,-0.1,0,0,0,0,0,0,0,0,0,0,0,-0.05,0,0
1,,6/27/2015 8:43:20 AM,14,20.4,-0.1,0,0,0,0,0,0,0,0,0,0,0,-0.05,0,0
1,,6/27/2015 8:43:25 AM,14,20.5,-0.1,0,0,0,0,0,0,0,0,0,0,0,-0.05,0,0
1,,6/27/2015 8:43:30 AM,14,20.5,-0.1,0,0,0,0,0,0,0,0,0,0,0,-0.05,0,0
1,,6/27/2015 8:43:35 AM,14,20.4,-0.1,0,0,0,0,0,0,0,0,0,0,0,-0.05,0,0
1,,6/27/2015 8:43:40 AM,14,20.5,-0.1,0,0,0,0,0,0,0,0,0,0,0,-0.05,0,0
1,,6/27/2015 8:43:45 AM,14,20.5,-0.1,0,0,0,0,0,0,0,0,0,0,0,-0.05,0,0
1,,6/27/2015 8:43:50 AM,14,20.4,-0.1,0,0,0,0,0,0,0,0,0,0,0,-0.05,0,0
1,,6/27/2015 8:43:55 AM,14,20.5,-0.1,0,0,0,0,0,0,0,0,0,0,0,-0.05,0,0
1,,6/27/2015 8:44:00 AM,14,20.5,-0.1,0,0,0,0,0,0,0,0,0,0,0,-0.05,0,0
1,,6/27/2015 8:44:05 AM,14,20.5,-0.1,0,0,0,0,0,0,0,0,0,0,0,-0.05,0,0
1,,6/27/2015 8:44:10 AM,14,20.4,-0.1,0,0,0,0,0,0,0,0,0,0,0,-0.05,0,0
1,,6/27/2015 8:44:15 AM,14,20.5,-0.1,0,0,0,0,0,0,0,0,0,0,0,-0.05,0,0
1,,6/27/2015 8:44:20 AM,14,20.4,-0.1,0,0,0,0,0,0,0,0,0,0,0,-0.05,0,0
1,,6/27/2015 8:44:25 AM,14,20.4,-0.1,0,0,0,0,0,0,0,0,0,0,0,-0.05,0,0
1,,6/27/2015 8:44:30 AM,14,20.4,-0.1,0,0,0,0,0,0,0,0,0,0,0,-0.05,0,0
1,,6/27/2015 8:44:35 AM,14,20.4,-0.1,0,0,0,0,0,0,0,0,0,0,0,-0.05,0,0
1,,6/27/2015 8:44:40 AM,14,20.4,-0.1,0,0,0,0,0,0,0,0,0,0,0,-0.05,0,0
1,,6/27/2015 8:44:45 AM,14,20.4,-0.1,0,0,0,0,0,0,0,0,0,0,0,-0.05,0,0
1,,6/27/2015 8:44:50 AM,14,20.4,-0.1,0,0,0,0,0,0,0,0,0,0,0,-0.05,0,0
1,,6/27/2015 8:44:55 AM,14,20.4,-0.1,0,0,0,0,0,0,0,0,0,0,0,-0.05,0,0
1,,6/27/2015 8:45:00 AM,14,20.4,-0.1,0,0,0,0,0,0,0,0,0,0,0,-0.05,0,0
1,,6/27/2015 8:45:05 AM,14,20.4,-0.1,0,0,0,0,0,0,0,0,0,0,0,-0.05,0,0
1,,6/27/2015 8:45:10 AM,14,20.4,-0.1,0,0,0,0,0,0,0,0,0,0,0,-0.05,0,0
1,,6/27/2015 8:45:15 AM,14,20.4,-0.1,0,0,0,0,0,0,0,0,0,0,0,-0.05,0,0
1,,6/27/2015 8:45:20 AM,14,20.4,-0.1,0,0,0,0,0,0,0,0,0,0,0,-0.05,0,0
1,,6/27/2015 8:45:25 AM,14,20.4,-0.1,0,0,0,0,0,0,0,0,0,0,0,-0.05,0,0
1,,6/27/2015 8:45:30 AM,14,20.4,-0.1,0,0,0,0,0,0,0,0,0,0,0,-0.05,0,0
1,,6/27/2015 8:45:35 AM,14,20.4,-0.1,0,0,0,0,0,0,0,0,0,0,0,-0.05,0,0
1,,6/27/2015 8:45:40 AM,14,20.4,-0.1,0,0,0,0,0,0,0,0,0,0,0,-0.05,0,0
1,,6/27/2015 8:45:45 AM,14,20.4,-0.1,0,0,0,0,0,0,0,0,0,0,0,-0.05,0,0
1,,6/27/2015 8:45:50 AM,14,20.4,-0.1,0,0,0,0,0,0,0,0,0,0,0,-0.05,0,0
1,,6/27/2015 8:45:55 AM,14,20.4,-0.1,0,0,0,0,0,0,0,0,0,0,0,-0.05,0,0
1,,6/27/2015 8:46:00 AM,14,20.4,-0.1,0,0,0,0,0,0,0,0,0,0,0,-0.05,0,0
1,,6/27/2015 8:46:05 AM,14,20.4,-0.1,0,0,0,0,0,0,0,0,0,0,0,-0.05,0,0
1,,6/27/2015 8:46:10 AM,14,20.4,-0.1,0,0,0,0,0,0,0,0,0,0,0,-0.05,0,0
1,,6/27/2015 8:46:15 AM,14,20.4,-0.1,0,0,0,0,0,0,0,0,0,0,0,-0.05,0,0
1,,6/27/2015 8:46:20 AM,14,20.5,-0.1,0,0,0,0,0,0,0,0,0,0,0,-0.05,0,0
1,,6/27/2015 8:46:25 AM,14,20.4,-0.1,0,0,0,0,0,0,0,0,0,0,0,-0.05,0,0
1,,6/27/2015 8:46:30 AM,14,20.4,-0.1,0,0,0,0,0,0,0,0,0,0,0,-0.05,0,0
1,,6/27/2015 8:46:35 AM,14,20.4,-0.1,0,0,0,0,0,0,0,0,0,0,0,-0.05,0,0
1,,6/27/2015 8:46:40 AM,14,20.4,-0.1,0,0,0,0,0,0,0,0,0,0,0,-0.05,0,0
1,,6/27/2015 8:46:45 AM,14,20.5,-0.1,0,0,0,0,0,0,0,0,0,0,0,-0.05,0,0
1,,6/27/2015 8:46:50 AM,14,20.5,-0.1,0,0,0,0,0,0,0,0,0,0,0,-0.05,0,0
1,,6/27/2015 8:46:55 AM,14,20.4,-0.1,0,0,0,0,0,0,0,0,0,0,0,-0.05,0,0
1,,6/27/2015 8:47:00 AM,14,20.4,-0.1,0,0,0,0,0,0,0,0,0,0,0,-0.05,0,0
1,,6/27/2015 8:47:05 AM,14,20.5,-0.1,0,0,0,0,0,0,0,0,0,0,0,-0.05,0,0
1,,6/27/2015 8:47:10 AM,14,20.5,-0.1,0,0,0,0,0,0,0,0,0,0,0,-0.05,0,0
1,,6/27/2015 8:47:15 AM,14,20.5,-0.1,0,0,0,0,0,0,0,0,0,0,0,-0.05,0,0
1,,6/27/2015 8:47:20 AM,14,20.4,-0.1,0,0,0,0,0,0,0,0,0,0,0,-0.05,0,0
1,,6/27/2015 8:47:25 AM,14,20.4,-0.1,0,0,0,0,0,0,0,0,0,0,0,-0.05,0,0
1,,6/27/2015 8:47:30 AM,14,20.4,-0.1,0,0,0,0,0,0,0,0,0,0,0,-0.05,0,0
1,,6/27/2015 8:47:35 AM,14,20.5,-0.1,0,0,0,0,0,0,0,0,0,0,0,-0.05,0,0
1,,6/27/2015 8:47:40 AM,14,20.5,-0.1,0,0,0,0,0,0,0,0,0,0,0,-0.05,0,0
1,,6/27/2015 8:47:45 AM,15,20.4,-0.1,0,0,0,0,0,0,0,0,0,0,0,-0.05,0,0
1,,6/27/2015 8:47:50 AM,15,20.5,-0.1,0,0,0,0,0,0,0,0,0,0,0,-0.05,0,0
1,,6/27/2015 8:47:55 AM,15,20.5,-0.1,0,0,0,0,0,0,0,0,0,0,0,-0.05,0,0
1,,6/27/2015 8:48:00 AM,14,20.4,-0.1,0,0,0,0,0,0,0,0,0,0,0,-0.05,0,0
1,,6/27/2015 8:48:05 AM,14,20.5,-0.1,0,0,0,0,0,0,0,0,0,0,0,-0.05,0,0
1,,6/27/2015 8:48:10 AM,14,20.4,-0.1,0,0,0,0,0,0,0,0,0,0,0,-0.05,0,0
1,,6/27/2015 8:48:15 AM,15,20.4,-0.1,0,0,0,0,0,0,0,0,0,0,0,-0.05,0,0
1,,6/27/2015 8:48:20 AM,14,20.5,-0.1,0,0,0,0,0,0,0,0,0,0,0,-0.05,0,0
1,,6/27/2015 8:48:25 AM,15,20.5,-0.1,0,0,0,0,0,0,0,0,0,0,0,-0.05,0,0
1,,6/27/2015 8:48:30 AM,15,20.5,-0.1,0,0,0,0,0,0,0,0,0,0,0,-0.05,0,0
1,,6/27/2015 8:48:35 AM,15,20.5,-0.1,0,0,0,0,0,0,0,0,0,0,0,-0.05,0,0
1,,6/27/2015 8:48:40 AM,15,20.5,-0.1,0,0,0,0,0,0,0,0,0,0,0,-0.05,0,0
1,,6/27/2015 8:48:45 AM,15,20.4,-0.1,0,0,0,0,0,0,0,0,0,0,0,-0.05,0,0
1,,6/27/2015 8:48:50 AM,15,20.4,-0.1,0,0,0,0,0,0,0,0,0,0,0,-0.05,0,0
1,,6/27/2015 8:48:55 AM,15,20.5,-0.1,0,0,0,0,0,0,0,0,0,0,0,-0.05,0,0
1,,6/27/2015 8:49:00 AM,15,20.5,-0.1,0,0,0,0,0,0,0,0,0,0,0,-0.05,0,0
1,,6/27/2015 8:49:05 AM,15,20.5,-0.1,0,0,0,0,0,0,0,0,0,0,0,-0.05,0,0
1,,6/27/2015 8:49:10 AM,15,20.5,-0.1,0,0,0,0,0,0,0,0,0,0,0,-0.05,0,0
1,,6/27/2015 8:49:15 AM,15,20.5,-0.1,0,0,0,0,0,0,0,0,0,0,0,-0.05,0,0
1,,6/27/2015 8:49:20 AM,15,20.5,-0.1,0,0,0,0,0,0,0,0,0,0,0,-0.05,0,0
1,,6/27/2015 8:49:25 AM,15,20.5,-0.1,0,0,0,0,0,0,0,0,0,0,0,-0.05,0,0
1,,6/27/2015 8:49:30 AM,15,20.5,-0.1,0,0,0,0,0,0,0,0,0,0,0,-0.05,0,0
1,,6/27/2015 8:49:35 AM,15,20.5,-0.1,0,0,0,0,0,0,0,0,0,0,0,-0.05,0,0
1,,6/27/2015 8:49:40 AM,15,20.5,-0.1,0,0,0,0,0,0,0,0,0,0,0,-0.05,0,0
1,,6/27/2015 8:49:45 AM,15,20.5,-0.1,0,0,0,0,0,0,0,0,0,0,0,-0.05,0,0
1,,6/27/2015 8:49:50 AM,15,20.5,-0.1,0,0,0,0,0,0,0,0,0,0,0,-0.05,0,0
1,,6/27/2015 8:49:55 AM,15,20.5,-0.1,0,0,0,0,0,0,0,0,0,0,0,-0.05,0,0
1,,6/27/2015 8:50:00 AM,15,20.5,-0.1,0,0,0,0,0,0,0,0,0,0,0,-0.05,0,0
1,,6/27/2015 8:50:05 AM,15,20.5,-0.1,0,0,0,0,0,0,0,0,0,0,0,-0.05,0,0
1,,6/27/2015 8:50:10 AM,15,20.5,-0.1,0,0,0,0,0,0,0,0,0,0,0,-0.05,0,0
1,,6/27/2015 8:50:15 AM,15,20.5,-0.1,0,0,0,0,0,0,0,0,0,0,0,-0.05,0,0
1,,6/27/2015 8:50:20 AM,15,20.5,-0.1,0,0,0,0,0,0,0,0,0,0,0,-0.05,0,0
1,,6/27/2015 8:50:25 AM,15,20.5,-0.1,0,0,0,0,0,0,0,0,0,0,0,-0.05,0,0
1,,6/27/2015 8:50:30 AM,15,20.5,-0.1,0,0,0,0,0,0,0,0,0,0,0,-0.05,0,0
1,,6/27/2015 8:50:35 AM,15,20.5,-0.1,0,0,0,0,0,0,0,0,0,0,0,-0.05,0,0
1,,6/27/2015 8:50:40 AM,15,20.5,-0.1,0,0,0,0,0,0,0,0,0,0,0,-0.05,0,0
1,,6/27/2015 8:50:45 AM,15,20.5,-0.1,0,0,0,0,0,0,0,0,0,0,0,-0.05,0,0
1,,6/27/2015 8:50:50 AM,15,20.5,-0.1,0,0,0,0,0,0,0,0,0,0,0,-0.05,0,0
1,,6/27/2015 8:50:55 AM,15,20.5,-0.1,0,0,0,0,0,0,0,0,0,0,0,-0.05,0,0
1,,6/27/2015 8:51:00 AM,15,20.5,-0.1,0,0,0,0,0,0,0,0,0,0,0,-0.05,0,0
1,,6/27/2015 8:51:05 AM,15,20.5,-0.1,0,0,0,0,0,0,0,0,0,0,0,-0.05,0,0
1,,6/27/2015 8:51:10 AM,15,20.5,-0.1,0,0,0,0,0,0,0,0,0,0,0,-0.05,0,0
1,,6/27/2015 8:51:15 AM,15,20.5,-0.1,0,0,0,0,0,0,0,0,0,0,0,-0.05,0,0
1,,6/27/2015 8:51:20 AM,15,20.5,-0.1,0,0,0,0,0,0,0,0,0,0,0,-0.05,0,0
1,,6/27/2015 8:51:25 AM,15,20.5,-0.1,0,0,0,0,0,0,0,0,0,0,0,-0.05,0,0
1,,6/27/2015 8:51:30 AM,15,20.5,-0.1,0,0,0,0,0,0,0,0,0,0,0,-0.05,0,0
1,,6/27/2015 8:51:35 AM,15,20.5,-0.1,0,0,0,0,0,0,0,0,0,0,0,-0.05,0,0
1,,6/27/2015 8:51:40 AM,15,20.5,-0.1,0,0,0,0,0,0,0,0,0,0,0,-0.05,0,0
1,,6/27/2015 8:51:45 AM,15,20.4,0.3,5.208333E-05,0.001666667,0,0,0,0,0,0,2,0.0003472222,0.01111111,-0.05,0,0
1,,6/27/2015 8:51:50 AM,15,20.4,0.8,0.0001909722,0.006111111,0,0,0,0,0,0,34,0.00625,0.2,-0.05,0,0
1,,6/27/2015 8:51:55 AM,15,20.5,0.4,0.0002604167,0.008333334,0,0,0,0,0,0,48,0.01458333,0.4666667,-0.03,0,0
1,,6/27/2015 8:52:00 AM,15,20.5,0.2,0.0002951389,0.009444444,0,0,0,0.2,3.472222E-05,0.001111111,32,0.02013889,0.6444445,-0.04,0,0
1,,6/27/2015 8:52:05 AM,15,20.5,0.1,0.0003125,0.01,0,0,0,0,3.472222E-05,0.001111111,20,0.02361111,0.7555556,-0.05,0,0
1,,6/27/2015 8:52:10 AM,15,20.5,0,0.0003125,0.01,0,0,0,0,3.472222E-05,0.001111111,12,0.02569444,0.8222222,-0.05,0,0
1,,6/27/2015 8:52:15 AM,15,20.5,0,0.0003125,0.01,0,0,0,0,3.472222E-05,0.001111111,9,0.02725695,0.8722222,-0.05,0,0
1,,6/27/2015 8:52:20 AM,15,20.5,0,0.0003125,0.01,0,0,0,0,3.472222E-05,0.001111111,7,0.02847222,0.9111111,-0.05,0,0
1,,6/27/2015 8:52:25 AM,15,20.5,0,0.0003125,0.01,0,0,0,0,3.472222E-05,0.001111111,6,0.02951389,0.9444444,-0.05,0,0
1,,6/27/2015 8:52:30 AM,15,20.5,0,0.0003125,0.01,0,0,0,0,3.472222E-05,0.001111111,5,0.03038194,0.9722222,-0.05,0,0
1,,6/27/2015 8:52:35 AM,15,20.5,0,0.0003125,0.01,0,0,0,0,3.472222E-05,0.001111111,5,0.03125,1,-0.05,0,0
1,,6/27/2015 8:52:40 AM,15,20.5,0,0.0003125,0.01,0,0,0,0,3.472222E-05,0.001111111,5,0.03211806,1.027778,-0.05,0,0
1,,6/27/2015 8:52:45 AM,15,20.5,0,0.0003125,0.01,0,0,0,0,3.472222E-05,0.001111111,2,0.03246528,1.038889,-0.05,0,0
1,,6/27/2015 8:52:50 AM,15,20.4,0,0.0003125,0.01,0,0,0,0,3.472222E-05,0.001111111,0,0.03246528,1.038889,-0.05,0,0
1,,6/27/2015 8:52:55 AM,15,20.4,0,0.0003125,0.01,0,0,0,0,3.472222E-05,0.001111111,0,0.03246528,1.038889,-0.05,0,0
1,,6/27/2015 8:53:00 AM,15,20.5,0,0.0003125,0.01,0,0,0,0,3.472222E-05,0.001111111,0,0.03246528,1.038889,-0.05,0,0
1,,6/27/2015 8:53:05 AM,15,20.5,-0.1,0.0003125,0.01,0,0,0,0,3.472222E-05,0.001111111,0,0.03246528,1.038889,-0.05,0,0
1,,6/27/2015 8:53:10 AM,15,20.2,1.6,0.0005902778,0.01888889,0.1,1.736111E-05,0.0005555556,0.5,0.0001215278,0.003888889,104,0.05052083,1.616667,0.04,6.944444E-06,0.0002222222
1,,6/27/2015 8:53:15 AM,15,19.7,5.7,0.001579861,0.05055555,0.6,0.0001215278,0.003888889,0.8,0.0002604167,0.008333334,757,0.1819444,5.822222,0.45,8.506944E-05,0.002722222
1,,6/27/2015 8:53:20 AM,15,19.1,21.9,0.005381944,0.1722222,0.6,0.0002256945,0.007222223,3.7,0.0009027778,0.02888889,1285,0.4050347,12.96111,0.8,0.0002239583,0.007166666
1,,6/27/2015 8:53:25 AM,15,18.8,29.7,0.01053819,0.3372222,0.7,0.0003472222,0.01111111,3.2,0.001458333,0.04666667,1500,0.6654514,21.29445,1.24,0.0004392361,0.01405556
1,,6/27/2015 8:53:30 AM,15,18,30,0.01574653,0.5038889,0.7,0.00046875,0.015,8.2,0.002881944,0.09222222,1500,0.925868,29.62778,1.62,0.0007204861,0.02305556
1,,6/27/2015 8:53:35 AM,15,15.6,30,0.02095486,0.6705555,1,0.0006423611,0.02055556,12.9,0.005121528,0.1638889,1500,1.186285,37.96111,2.72,0.001192708,0.03816667
1,,6/27/2015 8:53:40 AM,15,14.7,30,0.02616319,0.8372222,0.9,0.0007986111,0.02555555,24.1,0.009305555,0.2977778,1500,1.446701,46.29445,3.81,0.001854167,0.05933333
1,,6/27/2015 8:53:45 AM,15,13.7,30,0.03137153,1.003889,0.7,0.0009201389,0.02944444,33,0.01503472,0.4811111,1500,1.707118,54.62778,4.94,0.002711806,0.08677778
1,,6/27/2015 8:53:50 AM,15,13.9,30,0.03657986,1.170556,0.2,0.0009548611,0.03055556,34.4,0.02100695,0.6722223,1500,1.967535,62.96111,5,0.003579861,0.1145556
1,,6/27/2015 8:53:55 AM,15,11.5,30,0.04178819,1.337222,-0.3,0.0009548611,0.03055556,53,0.03020833,0.9666667,1500,2.227951,71.29444,5,0.004447917,0.1423333
1,,6/27/2015 8:54:00 AM,15,9.3,30,0.04699653,1.503889,-1.5,0.0009548611,0.03055556,66.7,0.04178819,1.337222,1500,2.488368,79.62778,5,0.005315972,0.1701111
1,,6/27/2015 8:54:05 AM,15,10,30,0.05220486,1.670556,-2.7,0.0009548611,0.03055556,58,0.05185764,1.659444,1500,2.748785,87.96111,5,0.006184028,0.1978889
1,,6/27/2015 8:54:10 AM,15,9.8,30,0.05741319,1.837222,-2.7,0.0009548611,0.03055556,41.8,0.05911458,1.891667,1500,3.009201,96.29444,5,0.007052083,0.2256667
1,,6/27/2015 8:54:15 AM,15,9.7,30,0.06262153,2.003889,-3,0.0009548611,0.03055556,-7.4,0.05911458,1.891667,1500,3.269618,104.6278,5,0.007920139,0.2534444
1,,6/27/2015 8:54:20 AM,15,9.3,30,0.06782986,2.170556,-3,0.0009548611,0.03055556,-10,0.05911458,1.891667,1500,3.530035,112.9611,5,0.008788195,0.2812222
1,,6/27/2015 8:54:25 AM,15,10,30,0.0730382,2.337222,-3,0.0009548611,0.03055556,-10,0.05911458,1.891667,1500,3.790451,121.2944,5,0.00965625,0.309
1,,6/27/2015 8:54:30 AM,15,8,30,0.07824653,2.503889,-3,0.0009548611,0.03055556,-10,0.05911458,1.891667,1500,4.050868,129.6278,5,0.01052431,0.3367778
1,,6/27/2015 8:54:35 AM,15,7,30,0.08345486,2.670556,-3,0.0009548611,0.03055556,-10,0.05911458,1.891667,1500,4.311285,137.9611,5,0.01139236,0.3645556
1,,6/27/2015 8:54:40 AM,15,6.6,30,0.0886632,2.837222,-3,0.0009548611,0.03055556,-10,0.05911458,1.891667,1500,4.571702,146.2944,5,0.01226042,0.3923333
1,,6/27/2015 8:54:45 AM,15,5.9,30,0.09387153,3.003889,-3,0.0009548611,0.03055556,-10,0.05911458,1.891667,1500,4.832118,154.6278,5,0.01312847,0.4201111
1,,6/27/2015 8:54:50 AM,15,5.5,30,0.09907986,3.170556,-3,0.0009548611,0.03055556,-10,0.05911458,1.891667,1500,5.092535,162.9611,5,0.01399653,0.4478889
1,,6/27/2015 8:54:55 AM,15,5.3,30,0.1042882,3.337222,-3,0.0009548611,0.03055556,-10,0.05911458,1.891667,1500,5.352952,171.2944,5,0.01486458,0.4756667
1,,6/27/2015 8:55:00 AM,15,5,30,0.1094965,3.503889,-3,0.0009548611,0.03055556,-10,0.05911458,1.891667,1500,5.613368,179.6278,5,0.01573264,0.5034444
1,,6/27/2015 8:55:05 AM,15,4.6,30,0.1147049,3.670556,-3,0.0009548611,0.03055556,-10,0.05911458,1.891667,1500,5.873785,187.9611,5,0.01660069,0.5312222
1,,6/27/2015 8:55:10 AM,15,4.5,30,0.1199132,3.837222,-3,0.0009548611,0.03055556,-10,0.05911458,1.891667,1500,6.134202,196.2944,5,0.01746875,0.559
1,,6/27/2015 8:55:15 AM,15,4.3,30,0.1251215,4.003889,-3,0.0009548611,0.03055556,-10,0.05911458,1.891667,1500,6.394618,204.6278,5,0.01833681,0.5867778
1,,6/27/2015 8:55:20 AM,16,4.2,30,0.1303299,4.170556,-3,0.0009548611,0.03055556,-10,0.05911458,1.891667,1500,6.655035,212.9611,5,0.01920486,0.6145555
1,,6/27/2015 8:55:25 AM,16,4.1,30,0.1355382,4.337222,-3,0.0009548611,0.03055556,-10,0.05911458,1.891667,1500,6.915452,221.2944,5,0.02007292,0.6423333
1,,6/27/2015 8:55:30 AM,16,4.1,30,0.1407465,4.503889,-3,0.0009548611,0.03055556,-5.4,0.05911458,1.891667,1500,7.175868,229.6278,5,0.02094097,0.6701111
1,,6/27/2015 8:55:35 AM,16,4,30,0.1459549,4.670556,-3,0.0009548611,0.03055556,1.9,0.05944444,1.902222,1500,7.436285,237.9611,5,0.02180903,0.6978889
1,,6/27/2015 8:55:40 AM,16,4,30,0.1511632,4.837222,-3,0.0009548611,0.03055556,7.9,0.06081597,1.946111,1500,7.696702,246.2944,5,0.02267708,0.7256666
1,,6/27/2015 8:55:45 AM,16,4.5,30,0.1563715,5.003889,-3,0.0009548611,0.03055556,12.4,0.06296875,2.015,1500,7.957118,254.6278,5,0.02354514,0.7534444
1,,6/27/2015 8:55:50 AM,16,8.1,30,0.1615799,5.170556,-3,0.0009548611,0.03055556,25.4,0.06737847,2.156111,1500,8.217535,262.9611,5,0.02441319,0.7812222
1,,6/27/2015 8:55:55 AM,16,10.1,30,0.1667882,5.337222,-3,0.0009548611,0.03055556,49.1,0.07590277,2.428889,1500,8.477951,271.2944,5,0.02528125,0.809
1,,6/27/2015 8:56:00 AM,17,11.7,30,0.1719965,5.503889,-3,0.0009548611,0.03055556,72,0.08840278,2.828889,1500,8.738368,279.6278,5,0.02614931,0.8367778
1,,6/27/2015 8:56:05 AM,17,12.6,30,0.1772049,5.670556,-3,0.0009548611,0.03055556,91.3,0.1042535,3.336111,1500,8.998785,287.9611,5,0.02701736,0.8645555
1,,6/27/2015 8:56:10 AM,17,12.6,30,0.1824132,5.837222,-3,0.0009548611,0.03055556,100.6,0.1217187,3.895,1500,9.259201,296.2944,5,0.02788542,0.8923333
1,,6/27/2015 8:56:15 AM,17,13.1,30,0.1876215,6.003889,-3,0.0009548611,0.03055556,104.3,0.1398264,4.474444,1500,9.519618,304.6278,5,0.02875347,0.9201111
1,,6/27/2015 8:56:20 AM,17,13.7,30,0.1928299,6.170556,-3,0.0009548611,0.03055556,107.7,0.1585243,5.072778,1500,9.780035,312.9611,5,0.02962153,0.9478889
1,,6/27/2015 8:56:25 AM,17,14.1,30,0.1980382,6.337222,-3,0.0009548611,0.03055556,109.3,0.1775,5.68,1500,10.04045,321.2944,5,0.03048958,0.9756666
1,,6/27/2015 8:56:30 AM,17,14.6,30,0.2032465,6.503889,-3,0.0009548611,0.03055556,110.8,0.1967361,6.295556,1500,10.30087,329.6278,5,0.03135764,1.003444
1,,6/27/2015 8:56:35 AM,18,14.7,30,0.2084549,6.670556,-3,0.0009548611,0.03055556,111.2,0.2160417,6.913333,1500,10.56129,337.9611,5,0.03222569,1.031222
1,,6/27/2015 8:56:40 AM,18,13.5,30,0.2136632,6.837222,-3,0.0009548611,0.03055556,103.6,0.2340278,7.488889,1500,10.8217,346.2944,5,0.03309375,1.059
1,,6/27/2015 8:56:45 AM,18,13.5,30,0.2188715,7.003889,-3,0.0009548611,0.03055556,85.5,0.2488715,7.963889,1500,11.08212,354.6278,5,0.03396181,1.086778
1,,6/27/2015 8:56:50 AM,18,15.2,30,0.2240799,7.170556,-3,0.0009548611,0.03055556,82.8,0.2632465,8.423889,1500,11.34254,362.9611,5,0.03482986,1.114556
1,,6/27/2015 8:56:55 AM,18,16.6,30,0.2292882,7.337222,-3,0.0009548611,0.03055556,99.1,0.2804514,8.974444,1500,11.60295,371.2944,4.91,0.03568229,1.141833
1,,6/27/2015 8:57:00 AM,19,16.8,30,0.2344965,7.503889,-3,0.0009548611,0.03055556,114.9,0.3003993,9.612778,1500,11.86337,379.6278,2.73,0.03615625,1.157
1,,6/27/2015 8:57:05 AM,19,17,30,0.2397049,7.670556,-2.6,0.0009548611,0.03055556,122.8,0.3217188,10.295,1500,12.12379,387.9611,1.57,0.03642882,1.165722
1,,6/27/2015 8:57:10 AM,19,17.1,30,0.2449132,7.837222,-1.9,0.0009548611,0.03055556,124.7,0.3433681,10.98778,1500,12.3842,396.2944,1.12,0.03662327,1.171944
1,,6/27/2015 8:57:15 AM,19,17.2,30,0.2501215,8.003889,-1.4,0.0009548611,0.03055556,122.7,0.3646701,11.66944,1500,12.64462,404.6278,0.86,0.03677257,1.176722
1,,6/27/2015 8:57:20 AM,19,17.2,30,0.2553298,8.170555,-1.1,0.0009548611,0.03055556,118.7,0.3852778,12.32889,1500,12.90504,412.9611,0.79,0.03690972,1.181111
1,,6/27/2015 8:57:25 AM,19,17.2,30,0.2605382,8.337222,-0.9,0.0009548611,0.03055556,113.5,0.4049826,12.95944,1500,13.16545,421.2944,0.72,0.03703472,1.185111
1,,6/27/2015 8:57:30 AM,20,17.3,30,0.2657465,8.503889,-0.9,0.0009548611,0.03055556,107.9,0.4237153,13.55889,1500,13.42587,429.6278,0.68,0.03715278,1.188889
1,,6/27/2015 8:57:35 AM,20,17.2,30,0.2709548,8.670555,-0.8,0.0009548611,0.03055556,102.2,0.4414583,14.12667,1500,13.68629,437.9611,0.67,0.0372691,1.192611
1,,6/27/2015 8:57:40 AM,20,17.2,30,0.2761632,8.837222,-0.7,0.0009548611,0.03055556,96.6,0.4582292,14.66333,1500,13.9467,446.2944,0.64,0.03738021,1.196167
1,,6/27/2015 8:57:45 AM,20,17.2,30,0.2813715,9.003889,-0.7,0.0009548611,0.03055556,91.3,0.4740798,15.17056,1500,14.20712,454.6278,0.6,0.03748437,1.1995
1,,6/27/2015 8:57:50 AM,20,17.2,30,0.2865798,9.170555,-0.6,0.0009548611,0.03055556,86.2,0.4890451,15.64944,1500,14.46754,462.9611,0.56,0.0375816,1.202611
1,,6/27/2015 8:57:55 AM,20,17.2,30,0.2917882,9.337222,-0.6,0.0009548611,0.03055556,81.4,0.5031771,16.10167,1500,14.72795,471.2944,0.52,0.03767188,1.2055
1,,6/27/2015 8:58:00 AM,20,17.2,30,0.2969965,9.503889,-0.5,0.0009548611,0.03055556,76.7,0.5164931,16.52778,1500,14.98837,479.6278,0.52,0.03776215,1.208389
1,,6/27/2015 8:58:05 AM,21,17.2,30,0.3022048,9.670555,-0.5,0.0009548611,0.03055556,63.4,0.5275,16.88,1500,15.24879,487.9611,0.52,0.03785243,1.211278
1,,6/27/2015 8:58:10 AM,21,17.2,30,0.3074132,9.837222,-0.5,0.0009548611,0.03055556,19.9,0.5309548,16.99055,1500,15.5092,496.2944,0.52,0.03794271,1.214167
1,,6/27/2015 8:58:15 AM,21,17.2,30,0.3126215,10.00389,-0.4,0.0009548611,0.03055556,8.8,0.5324826,17.03944,1500,15.76962,504.6278,0.5,0.03802951,1.216944
1,,6/27/2015 8:58:20 AM,21,17.2,30,0.3178298,10.17056,-0.4,0.0009548611,0.03055556,6.9,0.5336806,17.07778,1500,16.03004,512.9611,0.48,0.03811285,1.219611
1,,6/27/2015 8:58:25 AM,21,17.2,30,0.3230382,10.33722,-0.4,0.0009548611,0.03055556,5.9,0.5347049,17.11056,1500,16.29045,521.2944,0.45,0.03819097,1.222111
1,,6/27/2015 8:58:30 AM,21,17.3,30,0.3282465,10.50389,-0.4,0.0009548611,0.03055556,5.3,0.535625,17.14,1500,16.55087,529.6278,0.41,0.03826215,1.224389
1,,6/27/2015 8:58:35 AM,21,17.3,30,0.3334548,10.67056,-0.4,0.0009548611,0.03055556,4.9,0.5364757,17.16722,1500,16.81129,537.9611,0.4,0.0383316,1.226611
1,,6/27/2015 8:58:40 AM,21,17.3,30,0.3386632,10.83722,-0.4,0.0009548611,0.03055556,4.6,0.5372743,17.19278,1500,17.0717,546.2944,0.38,0.03839757,1.228722
1,,6/27/2015 8:58:45 AM,21,17.3,30,0.3438715,11.00389,-0.4,0.0009548611,0.03055556,4.2,0.5380034,17.21611,1500,17.33212,554.6278,0.36,0.03846007,1.230722
1,,6/27/2015 8:58:50 AM,22,17.3,30,0.3490798,11.17056,-0.4,0.0009548611,0.03055556,4,0.5386979,17.23833,1500,17.59254,562.9611,0.32,0.03851562,1.2325
1,,6/27/2015 8:58:55 AM,22,17.3,30,0.3542882,11.33722,-0.4,0.0009548611,0.03055556,3.7,0.5393403,17.25889,1500,17.85295,571.2944,0.3,0.03856771,1.234167
1,,6/27/2015 8:59:00 AM,22,17.3,30,0.3594965,11.50389,-0.4,0.0009548611,0.03055556,3.5,0.5399479,17.27833,1500,18.11337,579.6278,0.3,0.03861979,1.235833
1,,6/27/2015 8:59:05 AM,22,17.3,30,0.3647048,11.67056,-0.4,0.0009548611,0.03055556,3.3,0.5405208,17.29667,1500,18.37379,587.9611,0.28,0.0386684,1.237389
1,,6/27/2015 8:59:10 AM,22,17.3,30,0.3699132,11.83722,-0.4,0.0009548611,0.03055556,3.2,0.5410764,17.31444,1500,18.6342,596.2944,0.26,0.03871354,1.238833
1,,6/27/2015 8:59:15 AM,22,17.3,30,0.3751215,12.00389,-0.4,0.0009548611,0.03055556,3,0.5415972,17.33111,1500,18.89462,604.6278,0.22,0.03875174,1.240056
1,,6/27/2015 8:59:20 AM,22,17.3,30,0.3803298,12.17056,-0.3,0.0009548611,0.03055556,2.9,0.5421007,17.34722,1500,19.15504,612.9611,0.2,0.03878646,1.241167
1,,6/27/2015 8:59:25 AM,22,17.3,30,0.3855382,12.33722,-0.3,0.0009548611,0.03055556,2.8,0.5425868,17.36278,1500,19.41545,621.2944,0.19,0.03881944,1.242222
1,,6/27/2015 8:59:30 AM,22,17.3,30,0.3907465,12.50389,-0.4,0.0009548611,0.03055556,2.6,0.5430382,17.37722,1500,19.67587,629.6278,0.16,0.03884722,1.243111
1,,6/27/2015 8:59:35 AM,22,17.4,30,0.3959548,12.67056,-0.4,0.0009548611,0.03055556,2.4,0.5434549,17.39056,1500,19.93629,637.9611,0.15,0.03887326,1.243944
1,,6/27/2015 8:59:40 AM,22,17.4,30,0.4011632,12.83722,-0.4,0.0009548611,0.03055556,2.2,0.5438368,17.40278,1500,20.1967,646.2944,0.16,0.03890104,1.244833
1,,6/27/2015 8:59:45 AM,23,17.4,30,0.4063715,13.00389,-0.4,0.0009548611,0.03055556,2.1,0.5442014,17.41444,1500,20.45712,654.6278,0.15,0.03892708,1.245667
1,,6/27/2015 8:59:50 AM,23,17.4,30,0.4115798,13.17056,-0.4,0.0009548611,0.03055556,1.9,0.5445312,17.425,1500,20.71754,662.9611,0.13,0.03894965,1.246389
1,,6/27/2015 8:59:55 AM,23,17.5,30,0.4167882,13.33722,-0.4,0.0009548611,0.03055556,1.9,0.5448611,17.43556,1500,20.97795,671.2944,0.13,0.03897222,1.247111
1,,6/27/2015 9:00:00 AM,23,17.5,30,0.4219965,13.50389,-0.4,0.0009548611,0.03055556,1.8,0.5451736,17.44555,1500,21.23837,679.6278,0.11,0.03899132,1.247722
1,,6/27/2015 9:00:05 AM,23,17.6,30,0.4272048,13.67056,-0.4,0.0009548611,0.03055556,1.7,0.5454687,17.455,1500,21.49879,687.9611,0.1,0.03900868,1.248278
1,,6/27/2015 9:00:10 AM,23,17.6,30,0.4324132,13.83722,-0.4,0.0009548611,0.03055556,1.5,0.5457292,17.46333,1500,21.7592,696.2944,0.1,0.03902604,1.248833
1,,6/27/2015 9:00:15 AM,23,17.6,30,0.4376215,14.00389,-0.4,0.0009548611,0.03055556,1.4,0.5459722,17.47111,1500,22.01962,704.6278,0.08,0.03903993,1.249278
1,,6/27/2015 9:00:20 AM,23,17.7,30,0.4428298,14.17056,-0.4,0.0009548611,0.03055556,1.3,0.5461979,17.47833,1500,22.28004,712.9611,0.07,0.03905208,1.249667
1,,6/27/2015 9:00:25 AM,23,17.7,30,0.4480382,14.33722,-0.4,0.0009548611,0.03055556,1.2,0.5464063,17.485,1500,22.54045,721.2944,0.05,0.03906076,1.249944
1,,6/27/2015 9:00:30 AM,23,17.7,30,0.4532465,14.50389,-0.4,0.0009548611,0.03055556,1.1,0.5465972,17.49111,1500,22.80087,729.6278,0.03,0.03906597,1.250111
1,,6/27/2015 9:00:35 AM,23,17.7,30,0.4584548,14.67056,-0.4,0.0009548611,0.03055556,1.1,0.5467882,17.49722,1500,23.06129,737.9611,0.03,0.03907118,1.250278
1,,6/27/2015 9:00:40 AM,23,17.8,30,0.4636632,14.83722,-0.4,0.0009548611,0.03055556,1,0.5469618,17.50278,1500,23.3217,746.2944,0.03,0.03907639,1.250444
1,,6/27/2015 9:00:45 AM,23,17.8,30,0.4688715,15.00389,-0.4,0.0009548611,0.03055556,0.9,0.5471181,17.50778,1500,23.58212,754.6278,0.01,0.03907812,1.2505
1,,6/27/2015 9:00:50 AM,23,17.8,30,0.4740798,15.17056,-0.4,0.0009548611,0.03055556,0.9,0.5472743,17.51278,1500,23.84254,762.9611,0,0.03907812,1.2505
1,,6/27/2015 9:00:55 AM,23,17.8,30,0.4792882,15.33722,-0.4,0.0009548611,0.03055556,0.9,0.5474306,17.51778,1500,24.10295,771.2944,0,0.03907812,1.2505
1,,6/27/2015 9:01:00 AM,23,17.9,30,0.4844965,15.50389,-0.4,0.0009548611,0.03055556,3.5,0.5480382,17.53722,1500,24.36337,779.6278,0,0.03907812,1.2505
1,,6/27/2015 9:01:05 AM,23,17.9,30,0.4897048,15.67056,-0.4,0.0009548611,0.03055556,7.3,0.5493056,17.57778,1500,24.62379,787.9611,0,0.03907812,1.2505
1,,6/27/2015 9:01:10 AM,23,17.9,30,0.4949132,15.83722,-0.4,0.0009548611,0.03055556,4.5,0.5500868,17.60278,1500,24.8842,796.2944,-0.02,0.03907812,1.2505
1,,6/27/2015 9:01:15 AM,23,17.9,30,0.5001215,16.00389,-0.4,0.0009548611,0.03055556,2.9,0.5505903,17.61889,1500,25.14462,804.6278,0.01,0.03907986,1.250556
1,,6/27/2015 9:01:20 AM,23,17.9,30,0.5053298,16.17056,-0.4,0.0009548611,0.03055556,2.4,0.551007,17.63222,1500,25.40504,812.9611,0.05,0.03908854,1.250833
1,,6/27/2015 9:01:25 AM,24,17.9,30,0.5105382,16.33722,-0.4,0.0009548611,0.03055556,2,0.5513542,17.64333,1500,25.66545,821.2944,0.1,0.0391059,1.251389
1,,6/27/2015 9:01:30 AM,24,18,30,0.5157465,16.50389,-0.4,0.0009548611,0.03055556,1.8,0.5516667,17.65333,1500,25.92587,829.6278,0.11,0.039125,1.252
1,,6/27/2015 9:01:35 AM,24,18,30,0.5209548,16.67056,-0.4,0.0009548611,0.03055556,1.6,0.5519444,17.66222,1500,26.18629,837.9611,0.13,0.03914757,1.252722
1,,6/27/2015 9:01:40 AM,24,18,30,0.5261632,16.83722,-0.4,0.0009548611,0.03055556,1.5,0.5522048,17.67056,1500,26.4467,846.2944,0.13,0.03917014,1.253444
1,,6/27/2015 9:01:45 AM,24,18,30,0.5313715,17.00389,-0.4,0.0009548611,0.03055556,1.4,0.5524479,17.67833,1500,26.70712,854.6278,0.13,0.03919271,1.254167
1,,6/27/2015 9:01:50 AM,24,18,30,0.5365798,17.17056,-0.4,0.0009548611,0.03055556,1.3,0.5526736,17.68556,1500,26.96754,862.9611,0.13,0.03921528,1.254889
1,,6/27/2015 9:01:55 AM,24,18,30,0.5417882,17.33722,-0.4,0.0009548611,0.03055556,1.2,0.552882,17.69222,1500,27.22795,871.2944,0.13,0.03923785,1.255611
1,,6/27/2015 9:02:00 AM,24,18,30,0.5469965,17.50389,-0.4,0.0009548611,0.03055556,1.1,0.5530729,17.69833,1500,27.48837,879.6278,0.13,0.03926042,1.256333
1,,6/27/2015 9:02:05 AM,24,18,30,0.5522048,17.67056,-0.4,0.0009548611,0.03055556,1.1,0.5532639,17.70444,1500,27.74879,887.9611,0.13,0.03928299,1.257056
1,,6/27/2015 9:02:10 AM,24,18,30,0.5574132,17.83722,-0.5,0.0009548611,0.03055556,1,0.5534375,17.71,1500,28.0092,896.2944,0.11,0.03930208,1.257667
1,,6/27/2015 9:02:15 AM,24,18,30,0.5626215,18.00389,-0.4,0.0009548611,0.03055556,1,0.5536111,17.71556,1500,28.26962,904.6278,0.1,0.03931944,1.258222
1,,6/27/2015 9:02:20 AM,24,18,30,0.5678298,18.17056,-0.4,0.0009548611,0.03055556,0.9,0.5537674,17.72056,1500,28.53004,912.9611,0.07,0.0393316,1.258611
1,,6/27/2015 9:02:25 AM,24,18,30,0.5730382,18.33722,-0.4,0.0009548611,0.03055556,0.8,0.5539063,17.725,1500,28.79045,921.2944,0.05,0.03934028,1.258889
1,,6/27/2015 9:02:30 AM,24,18,30,0.5782465,18.50389,-0.4,0.0009548611,0.03055556,0.9,0.5540625,17.73,1500,29.05087,929.6278,0.03,0.03934549,1.259056
1,,6/27/2015 9:02:35 AM,24,18,30,0.5834548,18.67056,-0.5,0.0009548611,0.03055556,0.7,0.554184,17.73389,1465,29.30521,937.7667,0.02,0.03934896,1.259167
1,,6/27/2015 9:02:40 AM,24,18,30,0.5886632,18.83722,-0.5,0.0009548611,0.03055556,0.6,0.5542882,17.73722,1415,29.55087,945.6278,0,0.03934896,1.259167
1,,6/27/2015 9:02:45 AM,24,18,30,0.5938715,19.00389,-0.4,0.0009548611,0.03055556,0.6,0.5543923,17.74055,1367,29.78819,953.2222,-0.02,0.03934896,1.259167
1,,6/27/2015 9:02:50 AM,24,18,30,0.5990798,19.17056,-0.5,0.0009548611,0.03055556,0.6,0.5544965,17.74389,1324,30.01805,960.5778,-0.04,0.03934896,1.259167
1,,6/27/2015 9:02:55 AM,24,18,30,0.6042882,19.33722,-0.5,0.0009548611,0.03055556,0.6,0.5546007,17.74722,1282,30.24063,967.7,-0.05,0.03934896,1.259167
1,,6/27/2015 9:03:00 AM,24,18,30,0.6094965,19.50389,-0.4,0.0009548611,0.03055556,0.6,0.5547048,17.75056,1243,30.45642,974.6055,-0.05,0.03934896,1.259167
1,,6/27/2015 9:03:05 AM,24,18,30,0.6147048,19.67056,-0.5,0.0009548611,0.03055556,0.6,0.554809,17.75389,1207,30.66597,981.3111,-0.05,0.03934896,1.259167
1,,6/27/2015 9:03:10 AM,24,18,30,0.6199132,19.83722,-0.5,0.0009548611,0.03055556,0.6,0.5549132,17.75722,1181,30.87101,987.8722,-0.05,0.03934896,1.259167
1,,6/27/2015 9:03:15 AM,24,18,30,0.6251215,20.00389,-0.5,0.0009548611,0.03055556,0.6,0.5550174,17.76056,1186,31.07691,994.4611,-0.05,0.03934896,1.259167
1,,6/27/2015 9:03:20 AM,24,18,30,0.6303298,20.17056,-0.5,0.0009548611,0.03055556,0.7,0.5551389,17.76444,1191,31.28368,1001.078,-0.05,0.03934896,1.259167
1,,6/27/2015 9:03:25 AM,24,18,30,0.6355382,20.33722,-0.5,0.0009548611,0.03055556,0.7,0.5552604,17.76833,1186,31.48958,1007.667,-0.05,0.03934896,1.259167
1,,6/27/2015 9:03:30 AM,24,18,30,0.6407465,20.50389,-0.4,0.0009548611,0.03055556,0.8,0.5553993,17.77278,1167,31.69219,1014.15,-0.03,0.03934896,1.259167
1,,6/27/2015 9:03:35 AM,24,18.1,30,0.6459548,20.67056,-0.4,0.0009548611,0.03055556,0.8,0.5555382,17.77722,1144,31.8908,1020.506,-0.03,0.03934896,1.259167
1,,6/27/2015 9:03:40 AM,24,18.1,30,0.6511632,20.83722,-0.4,0.0009548611,0.03055556,0.7,0.5556597,17.78111,1115,32.08437,1026.7,-0.03,0.03934896,1.259167
1,,6/27/2015 9:03:45 AM,24,18.1,30,0.6563715,21.00389,-0.5,0.0009548611,0.03055556,0.7,0.5557812,17.785,1081,32.27205,1032.706,-0.03,0.03934896,1.259167
1,,6/27/2015 9:03:50 AM,24,18.1,30,0.6615798,21.17056,-0.5,0.0009548611,0.03055556,0.7,0.5559028,17.78889,1052,32.45469,1038.55,-0.03,0.03934896,1.259167
1,,6/27/2015 9:03:55 AM,24,18.1,30,0.6667882,21.33722,-0.4,0.0009548611,0.03055556,0.6,0.556007,17.79222,1031,32.63368,1044.278,-0.03,0.03934896,1.259167
1,,6/27/2015 9:04:00 AM,24,18.1,30,0.6719965,21.50389,-0.5,0.0009548611,0.03055556,0.6,0.5561111,17.79556,1014,32.80972,1049.911,-0.03,0.03934896,1.259167
1,,6/27/2015 9:04:05 AM,24,18.1,30,0.6772048,21.67056,-0.4,0.0009548611,0.03055556,0.6,0.5562153,17.79889,1001,32.98351,1055.472,-0.03,0.03934896,1.259167
1,,6/27/2015 9:04:10 AM,24,18.1,30,0.6824132,21.83722,-0.5,0.0009548611,0.03055556,0.6,0.5563194,17.80222,983,33.15417,1060.933,-0.03,0.03934896,1.259167
1,,6/27/2015 9:04:15 AM,24,18.2,30,0.6876215,22.00389,-0.5,0.0009548611,0.03055556,0.5,0.5564063,17.805,959,33.32066,1066.261,-0.03,0.03934896,1.259167
1,,6/27/2015 9:04:20 AM,24,18.2,30,0.6928298,22.17056,-0.5,0.0009548611,0.03055556,0.6,0.5565104,17.80833,938,33.48351,1071.472,-0.03,0.03934896,1.259167
1,,6/27/2015 9:04:25 AM,24,18.2,30,0.6980382,22.33722,-0.5,0.0009548611,0.03055556,0.5,0.5565972,17.81111,924,33.64392,1076.606,-0.03,0.03934896,1.259167
1,,6/27/2015 9:04:30 AM,24,18.2,30,0.7032465,22.50389,-0.5,0.0009548611,0.03055556,0.1,0.5566146,17.81167,906,33.80122,1081.639,-0.03,0.03934896,1.259167
1,,6/27/2015 9:04:35 AM,24,18.2,30,0.7084548,22.67056,-0.5,0.0009548611,0.03055556,0.3,0.5566667,17.81333,881,33.95417,1086.533,-0.03,0.03934896,1.259167
1,,6/27/2015 9:04:40 AM,24,18.2,30,0.7136632,22.83722,-0.5,0.0009548611,0.03055556,0.4,0.5567361,17.81556,867,34.10469,1091.35,-0.03,0.03934896,1.259167
1,,6/27/2015 9:04:45 AM,24,18.2,30,0.7188715,23.00389,-0.5,0.0009548611,0.03055556,0.3,0.5567882,17.81722,845,34.25139,1096.044,-0.03,0.03934896,1.259167
1,,6/27/2015 9:04:50 AM,24,18.2,30,0.7240798,23.17056,-0.5,0.0009548611,0.03055556,0.2,0.5568229,17.81833,820,34.39375,1100.6,-0.03,0.03934896,1.259167
1,,6/27/2015 9:04:55 AM,24,18.2,30,0.7292882,23.33722,-0.5,0.0009548611,0.03055556,0,0.5568229,17.81833,803,34.53316,1105.061,-0.03,0.03934896,1.259167
1,,6/27/2015 9:05:00 AM,24,18.2,30,0.7344965,23.50389,-0.4,0.0009548611,0.03055556,0,0.5568229,17.81833,792,34.67066,1109.461,-0.03,0.03934896,1.259167
1,,6/27/2015 9:05:05 AM,24,18.3,30,0.7397048,23.67056,-0.5,0.0009548611,0.03055556,0,0.5568229,17.81833,781,34.80625,1113.8,-0.03,0.03934896,1.259167
1,,6/27/2015 9:05:10 AM,24,18.3,30,0.7449132,23.83722,-0.5,0.0009548611,0.03055556,0,0.5568229,17.81833,767,34.93941,1118.061,-0.03,0.03934896,1.259167
1,,6/27/2015 9:05:15 AM,24,18.3,30,0.7501215,24.00389,-0.5,0.0009548611,0.03055556,0.1,0.5568403,17.81889,756,35.07066,1122.261,-0.03,0.03934896,1.259167
1,,6/27/2015 9:05:20 AM,24,18.3,30,0.7553298,24.17056,-0.5,0.0009548611,0.03055556,0.1,0.5568576,17.81944,752,35.20121,1126.439,-0.03,0.03934896,1.259167
1,,6/27/2015 9:05:25 AM,24,18.3,30,0.7605382,24.33722,-0.5,0.0009548611,0.03055556,0,0.5568576,17.81944,747,35.3309,1130.589,-0.03,0.03934896,1.259167
1,,6/27/2015 9:05:30 AM,24,18.3,30,0.7657465,24.50389,-0.5,0.0009548611,0.03055556,0,0.5568576,17.81944,738,35.45903,1134.689,-0.03,0.03934896,1.259167
1,,6/27/2015 9:05:35 AM,24,18.3,30,0.7709548,24.67056,-0.5,0.0009548611,0.03055556,0,0.5568576,17.81944,733,35.58628,1138.761,-0.03,0.03934896,1.259167
1,,6/27/2015 9:05:40 AM,24,18.3,30,0.7761632,24.83722,-0.5,0.0009548611,0.03055556,0,0.5568576,17.81944,725,35.71215,1142.789,-0.03,0.03934896,1.259167
1,,6/27/2015 9:05:45 AM,24,18.3,30,0.7813715,25.00389,-0.5,0.0009548611,0.03055556,0,0.5568576,17.81944,712,35.83576,1146.744,-0.03,0.03934896,1.259167
1,,6/27/2015 9:05:50 AM,24,18.3,30,0.7865798,25.17056,-0.6,0.0009548611,0.03055556,0,0.5568576,17.81944,699,35.95712,1150.628,-0.03,0.03934896,1.259167
1,,6/27/2015 9:05:55 AM,24,18.3,29.6,0.7917187,25.335,-0.6,0.0009548611,0.03055556,0,0.5568576,17.81944,686,36.07621,1154.439,-0.03,0.03934896,1.259167
1,,6/27/2015 9:06:00 AM,24,18.4,28.9,0.7967361,25.49556,-0.6,0.0009548611,0.03055556,0,0.5568576,17.81944,669,36.19236,1158.156,-0.03,0.03934896,1.259167
1,,6/27/2015 9:06:05 AM,24,18.4,28.3,0.8016493,25.65278,-0.6,0.0009548611,0.03055556,0,0.5568576,17.81944,655,36.30608,1161.794,-0.03,0.03934896,1.259167
1,,6/27/2015 9:06:10 AM,24,18.4,27.8,0.8064757,25.80722,-0.6,0.0009548611,0.03055556,0,0.5568576,17.81944,644,36.41788,1165.372,-0.03,0.03934896,1.259167
1,,6/27/2015 9:06:15 AM,24,18.4,27.2,0.8111979,25.95833,-0.5,0.0009548611,0.03055556,0,0.5568576,17.81944,640,36.52899,1168.928,-0.03,0.03934896,1.259167
1,,6/27/2015 9:06:20 AM,24,18.4,26.7,0.8158333,26.10667,-0.6,0.0009548611,0.03055556,0,0.5568576,17.81944,627,36.63785,1172.411,-0.03,0.03934896,1.259167
1,,6/27/2015 9:06:25 AM,24,18.4,26.1,0.8203646,26.25167,-0.6,0.0009548611,0.03055556,0,0.5568576,17.81944,615,36.74462,1175.828,-0.03,0.03934896,1.259167
1,,6/27/2015 9:06:30 AM,24,18.4,25.6,0.824809,26.39389,-0.7,0.0009548611,0.03055556,0,0.5568576,17.81944,609,36.85035,1179.211,-0.03,0.03934896,1.259167
1,,6/27/2015 9:06:35 AM,24,18.4,25.1,0.8291667,26.53333,-0.6,0.0009548611,0.03055556,0,0.5568576,17.81944,602,36.95486,1182.556,-0.03,0.03934896,1.259167
1,,6/27/2015 9:06:40 AM,24,18.4,24.7,0.8334548,26.67056,-0.6,0.0009548611,0.03055556,0,0.5568576,17.81944,595,37.05816,1185.861,-0.03,0.03934896,1.259167
1,,6/27/2015 9:06:45 AM,24,18.4,24.2,0.8376563,26.80333,-0.6,0.0009548611,0.03055556,0,0.5568576,17.81944,591,37.16076,1189.133,-0.03,0.03934896,1.259167
1,,6/27/2015 9:06:50 AM,24,18.4,23.8,0.8417882,26.93111,-0.7,0.0009548611,0.03055556,0,0.5568576,17.81944,583,37.26198,1192.183,-0.03,0.03934896,1.259167
1,,6/27/2015 9:06:55 AM,24,18.4,23.3,0.8458334,27.05833,-0.6,0.0009548611,0.03055556,0,0.5568576,17.81944,574,37.36163,1195.106,-0.03,0.03934896,1.259167
1,,6/27/2015 9:07:00 AM,24,18.4,22.9,0.8498091,27.18444,-0.7,0.0009548611,0.03055556,0,0.5568576,17.81833,566,37.4599,1198.072,-0.03,0.03934896,1.259167
1,,6/27/2015 9:07:05 AM,24,18.4,22.4,0.8536979,27.30833,-0.7,0.0009548611,0.03055556,0,0.5568576,17.81833,558,37.55677,1201.061,-0.03,0.03934896,1.259167
1,,6/27/2015 9:07:10 AM,24,18.4,22,0.8575174,27.43056,-0.7,0.0009548611,0.03055556,0,0.5568576,17.81833,546,37.65156,1204.028,-0.03,0.03934896,1.259167
1,,6/27/2015 9:07:15 AM,24,18.5,21.6,0.8612674,27.55056,-0.7,0.0009548611,0.03055556,0,0.5568576,17.81833,540,37.74531,1206.978,-0.03,0.03934896,1.259167
1,,6/27/2015 9:07:20 AM,24,18.5,21.3,0.8649653,27.66889,-0.7,0.0009548611,0.03055556,0,0.5568576,17.81833,537,37.83854,1209.922,-0.03,0.03934896,1.259167
1,,6/27/2015 9:07:25 AM,24,18.5,20.9,0.8685938,27.785,-0.7,0.0009548611,0.03055556,0,0.5568576,17.81833,532,37.9309,1212.844,-0.03,0.03934896,1.259167
1,,6/27/2015 9:07:30 AM,24,18.5,20.6,0.8721702,27.89944,-0.7,0.0009548611,0.03055556,0,0.5568576,17.81833,524,38.02187,1215.728,-0.03,0.03934896,1.259167
1,,6/27/2015 9:07:35 AM,24,18.5,20.2,0.8756771,28.01167,-0.7,0.0009548611,0.03055556,0,0.5568576,17.81833,515,38.11129,1218.561,-0.03,0.03934896,1.259167
1,,6/27/2015 9:07:40 AM,24,18.5,19.8,0.8791146,28.12167,-0.7,0.0009548611,0.03055556,0,0.5568576,17.81833,510,38.19983,1221.367,-0.03,0.03934896,1.259167
1,,6/27/2015 9:07:45 AM,24,18.5,19.5,0.8825,28.23,-0.7,0.0009548611,0.03055556,0,0.5568576,17.81833,508,38.28802,1224.178,-0.03,0.03934896,1.259167
1,,6/27/2015 9:07:50 AM,24,18.5,19.2,0.8858333,28.33667,-0.7,0.0009548611,0.03055556,0,0.5568576,17.81833,502,38.37518,1226.967,-0.03,0.03934896,1.259167
1,,6/27/2015 9:07:55 AM,24,18.5,18.8,0.8890972,28.44111,-0.7,0.0009548611,0.03055556,0,0.5568576,17.81833,488,38.4599,1229.678,-0.03,0.03934896,1.259167
1,,6/27/2015 9:08:00 AM,24,18.5,18.4,0.8922917,28.54333,-0.7,0.0009548611,0.03055556,0,0.5568576,17.81833,476,38.54253,1232.322,-0.03,0.03934896,1.259167
1,,6/27/2015 9:08:05 AM,24,18.5,18.1,0.895434,28.64389,-0.8,0.0009548611,0.03055556,0,0.5568576,17.81833,465,38.62326,1234.906,-0.05,0.03934896,1.259167
1,,6/27/2015 9:08:10 AM,24,18.6,17.8,0.8985243,28.73389,-0.8,0.0009548611,0.03,0,0.5568576,17.81556,459,38.70295,1236.878,-0.05,0.03934896,1.258944
1,,6/27/2015 9:08:15 AM,24,18.6,17.4,0.9015452,28.79889,-0.8,0.0009548611,0.02666667,0,0.5568576,17.81111,450,38.78107,1235.172,-0.05,0.03934896,1.256444
1,,6/27/2015 9:08:20 AM,24,18.6,17.2,0.9045312,28.77278,-0.7,0.0009548611,0.02333333,0,0.5568576,17.79056,444,38.85816,1230.5,-0.05,0.03934896,1.252
1,,6/27/2015 9:08:25 AM,24,18.6,16.9,0.9074653,28.70167,-0.8,0.0009548611,0.01944444,0,0.5568576,17.77278,442,38.93489,1224.622,-0.05,0.03934896,1.245111
1,,6/27/2015 9:08:30 AM,24,18.6,16.7,0.9103646,28.62778,-0.8,0.0009548611,0.01555556,0,0.5568576,17.72722,441,39.01146,1218.739,-0.05,0.03934896,1.236111
1,,6/27/2015 9:08:35 AM,24,18.6,16.5,0.9132292,28.55278,-0.7,0.0009548611,0.01,0,0.5568576,17.65556,439,39.08767,1212.844,-0.05,0.03934896,1.221
1,,6/27/2015 9:08:40 AM,24,18.6,16.2,0.9160417,28.47611,-0.8,0.0009548611,0.005,0,0.5568576,17.52167,436,39.16337,1206.933,-0.05,0.03934896,1.199833
1,,6/27/2015 9:08:45 AM,24,18.6,16,0.9188194,28.39833,-0.8,0.0009548611,0.001111111,0,0.5568576,17.33833,432,39.23837,1201,-0.05,0.03934896,1.172389
1,,6/27/2015 9:08:50 AM,24,18.6,15.8,0.9215625,28.31944,-0.8,0.0009548611,0,0,0.5568576,17.14722,429,39.31285,1195.05,-0.05,0.03934896,1.144611
1,,6/27/2015 9:08:55 AM,24,18.6,15.5,0.9242535,28.23889,-0.8,0.0009548611,0,0,0.5568576,16.85278,427,39.38698,1189.089,-0.05,0.03934896,1.116833
1,,6/27/2015 9:09:00 AM,24,18.6,15.2,0.9268923,28.15667,-0.8,0.0009548611,0,0,0.5568576,16.48222,417,39.45937,1183.072,-0.05,0.03934896,1.089056
1,,6/27/2015 9:09:05 AM,24,18.6,15,0.9294965,28.07333,-0.8,0.0009548611,0,0,0.5568576,16.16,408,39.53021,1177.006,-0.05,0.03934896,1.061278
1,,6/27/2015 9:09:10 AM,24,18.6,14.7,0.9320486,27.98833,-0.8,0.0009548611,0,0,0.5568576,15.92778,405,39.60052,1170.922,-0.05,0.03934896,1.0335
1,,6/27/2015 9:09:15 AM,24,18.6,14.6,0.9345833,27.90278,-0.8,0.0009548611,0,0,0.5568576,15.92778,398,39.66962,1164.8,-0.05,0.03934896,1.005722
1,,6/27/2015 9:09:20 AM,24,18.6,14.5,0.9371007,27.81667,-0.8,0.0009548611,0,0,0.5568576,15.92778,400,39.73906,1158.689,-0.05,0.03934896,0.9779444
1,,6/27/2015 9:09:25 AM,24,18.6,14.2,0.939566,27.72889,-0.8,0.0009548611,0,0,0.5568576,15.92778,395,39.80764,1152.55,-0.05,0.03934896,0.9501666
1,,6/27/2015 9:09:30 AM,24,18.6,13.9,0.9419792,27.63944,-0.8,0.0009548611,0,0,0.5568576,15.92778,382,39.87396,1146.339,-0.05,0.03934896,0.9223889
1,,6/27/2015 9:09:35 AM,24,18.7,13.7,0.9443576,27.54889,-0.8,0.0009548611,0,0,0.5568576,15.92778,371,39.93837,1140.067,-0.05,0.03934896,0.8946111
1,,6/27/2015 9:09:40 AM,24,18.7,13.4,0.946684,27.45667,-0.8,0.0009548611,0,0,0.5568576,15.92778,363,40.00139,1133.75,-0.05,0.03934896,0.8668333
1,,6/27/2015 9:09:45 AM,24,18.7,13.3,0.948993,27.36389,-0.8,0.0009548611,0,0,0.5568576,15.92778,359,40.06372,1127.411,-0.05,0.03934896,0.8390555
1,,6/27/2015 9:09:50 AM,24,18.7,13.2,0.9512847,27.27056,-0.8,0.0009548611,0,0,0.5568576,15.92778,364,40.12691,1121.1,-0.05,0.03934896,0.8112778
1,,6/27/2015 9:09:55 AM,24,18.7,13.1,0.953559,27.17667,-0.8,0.0009548611,0,0,0.5568576,15.92778,369,40.19097,1114.817,-0.05,0.03934896,0.7835
1,,6/27/2015 9:10:00 AM,23,18.7,12.9,0.9557986,27.08167,-0.8,0.0009548611,0,0,0.5568576,15.92778,368,40.25486,1108.528,-0.05,0.03934896,0.7557222
1,,6/27/2015 9:10:05 AM,23,18.7,12.7,0.9580035,26.98556,-0.8,0.0009548611,0,0,0.5568576,15.92778,365,40.31823,1102.222,-0.05,0.03934896,0.7279444
1,,6/27/2015 9:10:10 AM,23,18.7,12.6,0.960191,26.88889,-0.8,0.0009548611,0,0,0.5568576,15.92778,363,40.38125,1095.906,-0.05,0.03934896,0.7001666
1,,6/27/2015 9:10:15 AM,23,18.7,12.4,0.9623438,26.79111,-0.8,0.0009548611,0,0,0.5568576,15.92778,360,40.44375,1089.572,-0.05,0.03934896,0.6723889
1,,6/27/2015 9:10:20 AM,23,18.7,12.2,0.9644618,26.69222,-0.8,0.0009548611,0,0,0.5568576,15.92778,352,40.50486,1083.194,-0.05,0.03934896,0.6446111
1,,6/27/2015 9:10:25 AM,23,18.7,12.1,0.9665625,26.59278,-0.8,0.0009548611,0,0,0.5568576,15.92778,350,40.56562,1076.806,-0.05,0.03934896,0.6168333
1,,6/27/2015 9:10:30 AM,23,18.7,12,0.9686458,26.49278,-0.8,0.0009548611,0,0,0.5568576,15.92778,349,40.62622,1070.411,-0.05,0.03934896,0.5890555
1,,6/27/2015 9:10:35 AM,23,18.7,11.9,0.9707118,26.39222,-0.8,0.0009548611,0,0,0.5568576,15.91722,345,40.68611,1063.994,-0.05,0.03934896,0.5612778
1,,6/27/2015 9:10:40 AM,23,18.7,11.7,0.972743,26.29056,-0.8,0.0009548611,0,0,0.5568576,15.87333,340,40.74514,1057.55,-0.05,0.03934896,0.5335
1,,6/27/2015 9:10:45 AM,23,18.7,11.6,0.974757,26.18833,-0.8,0.0009548611,0,0,0.5568576,15.80444,335,40.8033,1051.078,-0.05,0.03934896,0.5057222
1,,6/27/2015 9:10:50 AM,23,18.7,11.4,0.9767361,26.085,-0.8,0.0009548611,0,0,0.5568576,15.66333,333,40.86111,1044.594,-0.05,0.03934896,0.4779444
1,,6/27/2015 9:10:55 AM,23,18.7,11.2,0.9786806,25.98056,-0.8,0.0009548611,0,0,0.5568576,15.39056,327,40.91788,1038.078,-0.05,0.03934896,0.4501667
1,,6/27/2015 9:11:00 AM,23,18.7,11.1,0.9806076,25.87556,-0.8,0.0009548611,0,0,0.5568576,14.99056,319,40.97326,1031.517,-0.05,0.03934896,0.4223889
1,,6/27/2015 9:11:05 AM,23,18.7,10.9,0.9825,25.76944,-0.8,0.0009548611,0,0,0.5568576,14.48333,316,41.02813,1024.939,-0.05,0.03934896,0.3946111
1,,6/27/2015 9:11:10 AM,23,18.7,10.8,0.984375,25.66278,-0.8,0.0009548611,0,0,0.5568576,13.92444,314,41.08264,1018.35,-0.05,0.03934896,0.3668333
1,,6/27/2015 9:11:15 AM,23,18.8,10.7,0.9862326,25.55556,-0.8,0.0009548611,0,0,0.5568576,13.345,313,41.13698,1011.756,-0.05,0.03934896,0.3390556
1,,6/27/2015 9:11:20 AM,23,18.7,10.5,0.9880555,25.44722,-0.8,0.0009548611,0,0,0.5568576,12.74667,308,41.19045,1005.133,-0.05,0.03934896,0.3112778
1,,6/27/2015 9:11:25 AM,23,18.8,10.4,0.9898611,25.33833,-0.8,0.0009548611,0,0,0.5568576,12.13944,304,41.24323,998.4889,-0.05,0.03934896,0.2835
1,,6/27/2015 9:11:30 AM,23,18.8,10.3,0.9916493,25.22889,-0.8,0.0009548611,0,0,0.5568576,11.52389,301,41.29549,991.8278,-0.05,0.03934896,0.2557222
1,,6/27/2015 9:11:35 AM,23,18.8,10.2,0.9934201,25.11889,-0.8,0.0009548611,0,0,0.5568576,10.90611,301,41.34774,985.1667,-0.05,0.03934896,0.2279444
1,,6/27/2015 9:11:40 AM,23,18.8,10.1,0.9951736,25.00833,-0.8,0.0009548611,0,0,0.5568576,10.33056,300,41.39983,978.5,-0.05,0.03934896,0.2001667
1,,6/27/2015 9:11:45 AM,23,18.8,10,0.9969097,24.89722,-0.8,0.0009548611,0,0,0.5568576,9.855556,299,41.45174,971.8278,-0.05,0.03934896,0.1723889
1,,6/27/2015 9:11:50 AM,23,18.8,9.9,0.9986285,24.78555,-0.8,0.0009548611,0,0,0.5568576,9.395555,296,41.50312,965.1389,-0.05,0.03934896,0.1446111
1,,6/27/2015 9:11:55 AM,23,18.8,9.9,1.000347,24.67389,-0.8,0.0009548611,0,0,0.5568576,8.845,296,41.55451,958.45,-0.05,0.03934896,0.1173333
1,,6/27/2015 9:12:00 AM,23,18.8,9.8,1.002049,24.56167,-0.8,0.0009548611,0,0,0.5568576,8.206667,296,41.6059,951.7611,-0.05,0.03934896,0.1021667
1,,6/27/2015 9:12:05 AM,23,18.8,9.7,1.003733,24.44889,-0.8,0.0009548611,0,0,0.5568576,7.524445,295,41.65712,945.0667,-0.05,0.03934896,0.09344444
1,,6/27/2015 9:12:10 AM,23,18.8,9.6,1.005399,24.33556,-0.8,0.0009548611,0,0,0.5568576,6.831666,295,41.70833,938.3722,-0.05,0.03934896,0.08722222
1,,6/27/2015 9:12:15 AM,23,18.8,9.5,1.007049,24.22167,-0.8,0.0009548611,0,0,0.5568576,6.15,292,41.75903,931.6611,-0.05,0.03934896,0.08244444
1,,6/27/2015 9:12:20 AM,23,18.8,9.4,1.008681,24.10722,-0.8,0.0009548611,0,0,0.5568576,5.490556,292,41.80972,924.95,-0.05,0.03934896,0.07805555
1,,6/27/2015 9:12:25 AM,23,18.8,9.4,1.010313,23.99278,-0.8,0.0009548611,0,0,0.5568576,4.86,292,41.86042,918.2389,-0.05,0.03934896,0.07405555
1,,6/27/2015 9:12:30 AM,23,18.8,9.3,1.011927,23.87778,-0.8,0.0009548611,0,0,0.5568576,4.260556,292,41.91111,911.5278,-0.05,0.03934896,0.07027778
1,,6/27/2015 9:12:35 AM,23,18.8,9.2,1.013524,23.76222,-0.8,0.0009548611,0,0,0.5568576,3.692778,292,41.96181,904.8167,-0.05,0.03934896,0.06655555
1,,6/27/2015 9:12:40 AM,23,18.8,9.1,1.015104,23.64611,-0.8,0.0009548611,0,0,0.5568576,3.156111,289,42.01198,898.0889,-0.05,0.03934896,0.063
1,,6/27/2015 9:12:45 AM,23,18.8,9,1.016667,23.52944,-0.8,0.0009548611,0,0,0.5568576,2.648889,287,42.06181,891.35,-0.05,0.03934896,0.05966667
1,,6/27/2015 9:12:50 AM,23,18.8,9,1.018229,23.41278,-0.8,0.0009548611,0,0,0.5568576,2.17,283,42.11094,884.5889,-0.05,0.03934896,0.05655555
1,,6/27/2015 9:12:55 AM,23,18.8,8.9,1.019774,23.29556,-0.8,0.0009548611,0,0,0.5568576,1.717778,281,42.15972,877.8167,-0.05,0.03934896,0.05366667
1,,6/27/2015 9:13:00 AM,23,18.8,8.8,1.021302,23.17778,-0.8,0.0009548611,0,0,0.5568576,1.291667,276,42.20764,871.0167,-0.05,0.03934896,0.05077778
1,,6/27/2015 9:13:05 AM,23,18.8,8.7,1.022812,23.05944,-0.8,0.0009548611,0,0,0.5568576,0.9394444,274,42.25521,864.2056,-0.05,0.03934896,0.04788889
1,,6/27/2015 9:13:10 AM,23,18.8,8.6,1.024306,22.94056,-0.8,0.0009548611,0,0,0.5568576,0.8288889,271,42.30226,857.3778,-0.05,0.03934896,0.045
1,,6/27/2015 9:13:15 AM,23,18.8,8.5,1.025781,22.82111,-0.8,0.0009548611,0,0,0.5568576,0.78,267,42.34861,850.5278,-0.05,0.03934896,0.04222222
1,,6/27/2015 9:13:20 AM,23,18.8,8.5,1.027257,22.70167,-0.8,0.0009548611,0,0,0.5568576,0.7416667,266,42.39479,843.6722,-0.05,0.03934896,0.03955556
1,,6/27/2015 9:13:25 AM,23,18.9,8.4,1.028715,22.58167,-0.8,0.0009548611,0,0,0.5568576,0.7088889,265,42.4408,836.8111,-0.05,0.03934896,0.03705556
1,,6/27/2015 9:13:30 AM,23,18.9,8.3,1.030156,22.46111,-0.8,0.0009548611,0,0,0.5568576,0.6794444,263,42.48646,829.9389,-0.05,0.03934896,0.03477778
1,,6/27/2015 9:13:35 AM,23,18.9,8.2,1.03158,22.34,-0.8,0.0009548611,0,0,0.5568576,0.6522222,259,42.53143,823.0444,-0.05,0.03934896,0.03255555
1,,6/27/2015 9:13:40 AM,23,18.9,8.2,1.033003,22.21889,-0.7,0.0009548611,0,0,0.5568576,0.6266667,257,42.57604,816.1389,-0.05,0.03934896,0.03044445
1,,6/27/2015 9:13:45 AM,23,18.9,8.1,1.03441,22.09722,-0.8,0.0009548611,0,0,0.5568576,0.6033334,255,42.62031,809.2222,-0.05,0.03934896,0.02844444
1,,6/27/2015 9:13:50 AM,23,18.9,8,1.035799,21.975,-0.7,0.0009548611,0,0,0.5568576,0.5811111,253,42.66424,802.2944,-0.05,0.03934896,0.02666667
1,,6/27/2015 9:13:55 AM,23,18.9,8,1.037187,21.85278,-0.8,0.0009548611,0,0,0.5568576,0.5605556,253,42.70816,795.3666,-0.05,0.03934896,0.025
1,,6/27/2015 9:14:00 AM,23,18.9,7.9,1.038559,21.73,-0.8,0.0009548611,0,0,0.5568576,0.5411111,250,42.75156,788.4222,-0.05,0.03934896,0.02333333
1,,6/27/2015 9:14:05 AM,23,18.9,7.8,1.039913,21.60667,-0.8,0.0009548611,0,0,0.5568576,0.5227778,246,42.79427,781.4556,-0.05,0.03934896,0.02177778
1,,6/27/2015 9:14:10 AM,23,18.9,7.8,1.041267,21.48333,-0.7,0.0009548611,0,0,0.5568576,0.505,243,42.83646,774.4722,-0.05,0.03934896,0.02033333
1,,6/27/2015 9:14:15 AM,23,18.9,7.7,1.042604,21.35944,-0.8,0.0009548611,0,0,0.5568576,0.4883333,237,42.87761,767.4556,-0.05,0.03934896,0.01911111
1,,6/27/2015 9:14:20 AM,23,19,7.6,1.043924,21.235,-0.8,0.0009548611,0,0,0.5568576,0.4722222,232,42.91788,760.4111,-0.05,0.03934896,0.018
1,,6/27/2015 9:14:25 AM,23,19,7.5,1.045226,21.11,-0.7,0.0009548611,0,0,0.5568576,0.4566667,230,42.95781,753.3555,-0.05,0.03934896,0.01694444
1,,6/27/2015 9:14:30 AM,23,19,7.5,1.046528,20.985,-0.7,0.0009548611,0,0,0.5568576,0.4422222,228,42.99739,746.2889,-0.05,0.03934896,0.01605556
1,,6/27/2015 9:14:35 AM,23,19,7.5,1.04783,20.86,-0.7,0.0009548611,0,0,0.5568576,0.4288889,226,43.03663,739.2111,-0.05,0.03934896,0.01522222
1,,6/27/2015 9:14:40 AM,23,19,7.4,1.049115,20.73444,-0.7,0.0009548611,0,0,0.5568576,0.4166667,225,43.0757,732.1278,-0.05,0.03934896,0.01433333
1,,6/27/2015 9:14:45 AM,23,19,7.4,1.050399,20.60889,-0.7,0.0009548611,0,0,0.5568576,0.405,228,43.11528,725.0611,-0.05,0.03934896,0.0135
1,,6/27/2015 9:14:50 AM,23,19,7.5,1.051701,20.48389,-0.7,0.0009548611,0,0,0.5568576,0.3944444,232,43.15556,718.0167,-0.05,0.03934896,0.01277778
1,,6/27/2015 9:14:55 AM,23,19.1,7.4,1.052986,20.35833,-0.7,0.0009548611,0,0,0.5568576,0.3838889,234,43.19618,710.9833,-0.05,0.03934896,0.01205556
1,,6/27/2015 9:15:00 AM,23,19.1,7.4,1.054271,20.23278,-0.7,0.0009548611,0,0,0.5568576,0.3738889,233,43.23663,703.9445,-0.05,0.03934896,0.01144444
1,,6/27/2015 9:15:05 AM,23,19.1,7.3,1.055538,20.10667,-0.7,0.0009548611,0,0,0.5568576,0.3644444,232,43.27691,696.9,-0.05,0.03934896,0.01088889
1,,6/27/2015 9:15:10 AM,23,19.1,7.3,1.056806,19.98056,-0.7,0.0009548611,0,0,0.5568576,0.3561111,230,43.31684,689.8444,-0.05,0.03934896,0.01033333
1,,6/27/2015 9:15:15 AM,23,19.1,7.2,1.058056,19.85389,-0.7,0.0009548611,0,0,0.5568576,0.3483333,228,43.35642,682.7778,-0.05,0.03934896,0.009888888
1,,6/27/2015 9:15:20 AM,23,19.2,7.2,1.059306,19.72722,-0.7,0.0009548611,0,0,0.5568576,0.3411111,227,43.39583,675.7056,-0.05,0.03934896,0.0095
1,,6/27/2015 9:15:25 AM,23,19.2,7.1,1.060538,19.6,-0.6,0.0009548611,0,0,0.5568576,0.3344444,226,43.43507,668.6278,-0.05,0.03934896,0.009222222
1,,6/27/2015 9:15:30 AM,23,19.2,7.1,1.061771,19.47278,-0.7,0.0009548611,0,0,0.5568576,0.3283333,226,43.4743,661.55,-0.05,0.03934896,0.009055556
1,,6/27/2015 9:15:35 AM,23,19.2,7.1,1.063003,19.34556,-0.7,0.0009548611,0,0,0.5568576,0.3222222,225,43.51337,654.4667,-0.05,0.03934896,0.008888889
1,,6/27/2015 9:15:40 AM,23,19.2,7,1.064219,19.21778,-0.6,0.0009548611,0,0,0.5568576,0.3166667,224,43.55226,647.3778,-0.05,0.03934896,0.008722222
1,,6/27/2015 9:15:45 AM,23,19.3,6.9,1.065417,19.08945,-0.6,0.0009548611,0,0,0.5568576,0.3116667,222,43.5908,640.2778,-0.05,0.03934896,0.008666666
1,,6/27/2015 9:15:50 AM,23,19.3,6.8,1.066597,18.96056,-0.7,0.0009548611,0,0,0.5568576,0.3066667,215,43.62812,633.1389,-0.05,0.03934896,0.008666666
1,,6/27/2015 9:15:55 AM,23,19.3,6.8,1.067778,18.83167,-0.6,0.0009548611,0,0,0.5568576,0.3016667,211,43.66476,625.9778,-0.05,0.03934896,0.008666666
1,,6/27/2015 9:16:00 AM,23,19.3,6.7,1.068941,18.70222,-0.6,0.0009548611,0,0,0.5568576,0.2822222,208,43.70087,618.8,-0.05,0.03934896,0.008666666
1,,6/27/2015 9:16:05 AM,23,19.4,6.7,1.070104,18.57278,-0.6,0.0009548611,0,0,0.5568576,0.2416667,205,43.73646,611.6055,-0.05,0.03934896,0.008666666
1,,6/27/2015 9:16:10 AM,23,19.4,6.7,1.071267,18.44333,-0.7,0.0009548611,0,0,0.5568576,0.2166667,205,43.77205,604.4111,-0.05,0.03934896,0.008666666
1,,6/27/2015 9:16:15 AM,23,19.4,6.6,1.072413,18.31333,-0.6,0.0009548611,0,0,0.5568576,0.2005556,205,43.80764,597.2167,-0.05,0.03934896,0.008611111
1,,6/27/2015 9:16:20 AM,23,19.4,6.6,1.073559,18.18333,-0.6,0.0009548611,0,0,0.5568576,0.1872222,204,43.84306,590.0167,-0.05,0.03934896,0.008333333
1,,6/27/2015 9:16:25 AM,23,19.5,6.5,1.074687,18.05278,-0.6,0.0009548611,0,0,0.5568576,0.1761111,200,43.87778,582.7944,-0.05,0.03934896,0.007777778
1,,6/27/2015 9:16:30 AM,23,19.5,6.5,1.075816,17.92222,-0.6,0.0009548611,0,0,0.5568576,0.1661111,197,43.91198,575.5555,-0.05,0.03934896,0.007166666
1,,6/27/2015 9:16:35 AM,23,19.5,6.4,1.076927,17.79111,-0.7,0.0009548611,0,0,0.5568576,0.1572222,195,43.94584,568.3055,-0.05,0.03934896,0.006444444
1,,6/27/2015 9:16:40 AM,23,19.6,6.4,1.078038,17.66,-0.6,0.0009548611,0,0,0.5568576,0.1488889,193,43.97934,561.0444,-0.05,0.03934896,0.005722222
1,,6/27/2015 9:16:45 AM,23,19.6,6.3,1.079132,17.52833,-0.6,0.0009548611,0,0,0.5568576,0.1411111,192,44.01267,553.7778,-0.05,0.03934896,0.005
1,,6/27/2015 9:16:50 AM,22,19.6,6.2,1.080208,17.39611,-0.6,0.0009548611,0,0,0.5568576,0.1338889,190,44.04566,546.5,-0.05,0.03934896,0.004277778
1,,6/27/2015 9:16:55 AM,22,19.7,6.2,1.081285,17.26389,-0.5,0.0009548611,0,0,0.5568576,0.1272222,188,44.0783,539.2111,-0.05,0.03934896,0.003555556
1,,6/27/2015 9:17:00 AM,22,19.7,6.2,1.082361,17.13167,-0.6,0.0009548611,0,0,0.5568576,0.1211111,188,44.11094,531.9222,-0.05,0.03934896,0.002833333
1,,6/27/2015 9:17:05 AM,22,19.7,6.2,1.083437,16.99944,-0.6,0.0009548611,0,0,0.5568576,0.115,188,44.14358,524.6334,-0.05,0.03934896,0.002111111
1,,6/27/2015 9:17:10 AM,22,19.8,6.1,1.084496,16.86667,-0.5,0.0009548611,0,0,0.5568576,0.1094444,186,44.17587,517.3333,-0.05,0.03934896,0.0015
1,,6/27/2015 9:17:15 AM,22,19.8,6.1,1.085556,16.73389,-0.5,0.0009548611,0,0,0.5568576,0.1038889,185,44.20798,510.0278,-0.05,0.03934896,0.0009444444
1,,6/27/2015 9:17:20 AM,22,19.8,6,1.086597,16.60056,-0.5,0.0009548611,0,0,0.5568576,0.09888889,184,44.23993,502.7167,-0.05,0.03934896,0.0005555556
1,,6/27/2015 9:17:25 AM,22,19.9,6,1.087639,16.46722,-0.6,0.0009548611,0,0,0.5568576,0.09444445,184,44.27187,495.4055,-0.05,0.03934896,0.0002777778
1,,6/27/2015 9:17:30 AM,22,19.9,6,1.088681,16.33389,-0.5,0.0009548611,0,0,0.5568576,0.08944444,185,44.30399,488.1,-0.05,0.03934896,0.0001111111
1,,6/27/2015 9:17:35 AM,22,20,6,1.089722,16.20056,-0.5,0.0009548611,0,0,0.5568576,0.08555556,186,44.33628,480.9944,-0.05,0.03934896,0
1,,6/27/2015 9:17:40 AM,22,20,5.9,1.090747,16.06667,-0.6,0.0009548611,0,0,0.5568576,0.08222222,185,44.3684,474.1611,-0.05,0.03934896,0
1,,6/27/2015 9:17:45 AM,22,20,5.9,1.091771,15.93278,-0.6,0.0009548611,0,0,0.5568576,0.07888889,184,44.40035,467.5889,-0.05,0.03934896,0
1,,6/27/2015 9:17:50 AM,22,20.1,5.9,1.092795,15.79889,-0.5,0.0009548611,0,0,0.5568576,0.07555556,182,44.43195,461.2444,-0.05,0.03934896,0
1,,6/27/2015 9:17:55 AM,22,20.1,5.8,1.093802,15.66444,-0.5,0.0009548611,0,0,0.5568576,0.07222223,182,44.46354,455.1333,-0.05,0.03934896,0
1,,6/27/2015 9:18:00 AM,22,20.2,5.8,1.094809,15.53,-0.5,0.0009548611,0,0,0.5568576,0.06888889,181,44.49496,449.2333,-0.05,0.03934896,0
1,,6/27/2015 9:18:05 AM,22,20.2,5.7,1.095799,15.395,-0.5,0.0009548611,0,0,0.5568576,0.06555556,180,44.52621,443.5278,-0.05,0.03934896,0
1,,6/27/2015 9:18:10 AM,22,20.2,5.7,1.096788,15.26,-0.5,0.0009548611,0,0,0.5568576,0.06222222,177,44.55695,437.95,-0.05,0.03934896,0
1,,6/27/2015 9:18:15 AM,22,20.3,5.7,1.097778,15.125,-0.5,0.0009548611,0,0,0.5568576,0.05888889,176,44.5875,432.3389,-0.05,0.03934896,0
1,,6/27/2015 9:18:20 AM,22,20.3,5.6,1.09875,14.98944,-0.5,0.0009548611,0,0,0.5568576,0.055,174,44.61771,426.6889,-0.05,0.03934896,0
1,,6/27/2015 9:18:25 AM,22,20.3,5.5,1.099705,14.85333,-0.5,0.0009548611,0,0,0.5568576,0.05111111,170,44.64722,421.0444,-0.05,0.03934896,0
1,,6/27/2015 9:18:30 AM,22,20.3,5.3,1.100625,14.71611,-0.5,0.0009548611,0,0,0.5568576,0.04666667,163,44.67552,415.4667,-0.05,0.03934896,0
1,,6/27/2015 9:18:35 AM,22,20.4,5.2,1.101528,14.57833,-0.5,0.0009548611,0,0,0.5568576,0.04222222,155,44.70243,409.9722,-0.05,0.03934896,0
1,,6/27/2015 9:18:40 AM,22,20.4,5.2,1.102431,14.44056,-0.5,0.0009548611,0,0,0.5568576,0.03833333,151,44.72865,404.6167,-0.05,0.03934896,0
1,,6/27/2015 9:18:45 AM,22,20.4,5.1,1.103316,14.30222,-0.5,0.0009548611,0,0,0.5568576,0.03444444,149,44.75451,399.4389,-0.05,0.03934896,0
1,,6/27/2015 9:18:50 AM,22,20.4,5,1.104184,14.16333,-0.4,0.0009548611,0,0,0.5568576,0.03055556,148,44.78021,394.4167,-0.05,0.03934896,0
1,,6/27/2015 9:18:55 AM,22,20.4,5,1.105052,14.02444,-0.4,0.0009548611,0,0,0.5568576,0.02722222,147,44.80573,389.5056,-0.05,0.03934896,0
1,,6/27/2015 9:19:00 AM,22,20.3,4.8,1.105885,13.88444,-0.4,0.0009548611,0,0,0.5568576,0.02388889,146,44.83108,384.6833,-0.05,0.03934896,0
1,,6/27/2015 9:19:05 AM,22,20.3,4.7,1.106701,13.74389,-0.4,0.0009548611,0,0,0.5568576,0.02055556,146,44.85642,379.9333,-0.05,0.03934896,0
1,,6/27/2015 9:19:10 AM,22,20.3,4.7,1.107517,13.60333,-0.4,0.0009548611,0,0,0.5568576,0.01722222,145,44.8816,375.2778,-0.05,0.03934896,0
1,,6/27/2015 9:19:15 AM,22,20.3,4.6,1.108316,13.46222,-0.4,0.0009548611,0,0,0.5568576,0.01444444,144,44.9066,370.75,-0.05,0.03934896,0
1,,6/27/2015 9:19:20 AM,22,20.3,4.6,1.109115,13.32111,-0.4,0.0009548611,0,0,0.5568576,0.01111111,143,44.93142,366.3333,-0.05,0.03934896,0
1,,6/27/2015 9:19:25 AM,22,20.3,4.5,1.109896,13.17944,-0.4,0.0009548611,0,0,0.5568576,0.008333334,144,44.95642,362,-0.05,0.03934896,0
1,,6/27/2015 9:19:30 AM,22,20.3,4.5,1.110677,13.03778,-0.4,0.0009548611,0,0,0.5568576,0.007777778,143,44.98125,357.7611,-0.05,0.03934896,0
1,,6/27/2015 9:19:35 AM,22,20.3,4.4,1.111441,12.89556,-0.4,0.0009548611,0,0,0.5568576,0.006111111,142,45.0059,353.6555,-0.05,0.03934896,0
1,,6/27/2015 9:19:40 AM,22,20.3,4.4,1.112205,12.75333,-0.4,0.0009548611,0,0,0.5568576,0.003888889,141,45.03038,349.6222,-0.05,0.03934896,0
1,,6/27/2015 9:19:45 AM,22,20.3,4.4,1.112969,12.61111,-0.4,0.0009548611,0,0.2,0.5568923,0.003333333,141,45.05486,345.7111,-0.05,0.03934896,0
1,,6/27/2015 9:19:50 AM,22,20.3,4.4,1.113733,12.46889,-0.4,0.0009548611,0,0.1,0.5569097,0.002777778,141,45.07934,341.9389,-0.05,0.03934896,0
1,,6/27/2015 9:19:55 AM,22,20.3,4.3,1.114479,12.32611,-0.3,0.0009548611,0,0.1,0.5569271,0.003333333,141,45.10382,338.2611,-0.05,0.03934896,0
1,,6/27/2015 9:20:00 AM,22,20.3,4.3,1.115226,12.18333,-0.4,0.0009548611,0,0,0.5569271,0.003333333,141,45.1283,334.6444,-0.05,0.03934896,0
1,,6/27/2015 9:20:05 AM,22,20.3,4.3,1.115972,12.04056,-0.3,0.0009548611,0,0,0.5569271,0.003333333,140,45.1526,331.0833,-0.05,0.03934896,0
1,,6/27/2015 9:20:10 AM,22,20.3,4.2,1.116701,11.89722,-0.4,0.0009548611,0,0.2,0.5569618,0.004444445,139,45.17673,327.5945,-0.05,0.03934896,0
1,,6/27/2015 9:20:15 AM,22,20.4,4.2,1.117431,11.75389,-0.4,0.0009548611,0,0.1,0.5569792,0.004444445,139,45.20087,324.1667,-0.05,0.03934896,0
1,,6/27/2015 9:20:20 AM,22,20.4,4.2,1.11816,11.61056,-0.4,0.0009548611,0,0,0.5569792,0.003888889,140,45.22517,320.7667,-0.05,0.03934896,0
1,,6/27/2015 9:20:25 AM,22,20.4,4.2,1.118889,11.46722,-0.4,0.0009548611,0,0,0.5569792,0.003888889,139,45.24931,317.3889,-0.05,0.03934896,0
1,,6/27/2015 9:20:30 AM,22,20.4,4.2,1.119618,11.32389,-0.4,0.0009548611,0,0,0.5569792,0.003888889,138,45.27326,314.0555,-0.05,0.03934896,0
1,,6/27/2015 9:20:35 AM,22,20.4,4.2,1.120347,11.18056,-0.4,0.0009548611,0,0,0.5569792,0.003888889,138,45.29722,310.75,-0.05,0.03934896,0
1,,6/27/2015 9:20:40 AM,22,20.4,4.2,1.121076,11.03722,-0.4,0.0009548611,0,0.1,0.5569965,0.004444445,138,45.32118,307.4889,-0.05,0.03934896,0
1,,6/27/2015 9:20:45 AM,22,20.4,4.2,1.121806,10.89389,-0.4,0.0009548611,0,0.3,0.5570486,0.006111111,138,45.34514,304.3,-0.05,0.03934896,0
1,,6/27/2015 9:20:50 AM,22,20.4,4.2,1.122535,10.75056,-0.4,0.0009548611,0,0.1,0.557066,0.006666667,137,45.36892,301.1778,-0.05,0.03934896,0
1,,6/27/2015 9:20:55 AM,22,20.4,4.2,1.123264,10.60944,-0.4,0.0009548611,0,0.2,0.5571007,0.007777778,138,45.39288,298.1333,-0.05,0.03934896,0
1,,6/27/2015 9:21:00 AM,22,20.4,4.2,1.123993,10.47222,-0.4,0.0009548611,0,0,0.5571007,0.007777778,137,45.41667,295.1778,-0.05,0.03934896,0
1,,6/27/2015 9:21:05 AM,22,20.4,4.1,1.124705,10.33778,-0.4,0.0009548611,0,0,0.5571007,0.007777778,136,45.44028,292.2944,-0.05,0.03934896,0
1,,6/27/2015 9:21:10 AM,22,20.4,4.1,1.125417,10.20611,-0.4,0.0009548611,0,0.3,0.5571527,0.009444444,136,45.46389,289.4722,-0.05,0.03934896,0
1,,6/27/2015 9:21:15 AM,22,20.4,4.1,1.126128,10.07778,-0.4,0.0009548611,0,0.3,0.5572048,0.01111111,136,45.4875,286.6722,-0.05,0.03934896,0
1,,6/27/2015 9:21:20 AM,22,20.4,4.1,1.12684,9.952222,-0.4,0.0009548611,0,0.4,0.5572743,0.01333333,135,45.51094,283.9389,-0.05,0.03934896,0
1,,6/27/2015 9:21:25 AM,22,20.4,4.1,1.127552,9.83,-0.4,0.0009548611,0,0.1,0.5572917,0.01388889,136,45.53455,281.2778,-0.05,0.03934896,0
1,,6/27/2015 9:21:30 AM,22,20.4,4.1,1.128264,9.710555,-0.4,0.0009548611,0,0,0.5572917,0.01388889,135,45.55799,278.6444,-0.05,0.03934896,0
1,,6/27/2015 9:21:35 AM,22,20.4,4.1,1.128976,9.593889,-0.4,0.0009548611,0,0.4,0.5573611,0.01611111,135,45.58142,276.05,-0.05,0.03934896,0
1,,6/27/2015 9:21:40 AM,22,20.5,4,1.12967,9.478889,-0.4,0.0009548611,0,0.1,0.5573785,0.01666667,134,45.60469,273.4889,-0.05,0.03934896,0
1,,6/27/2015 9:21:45 AM,22,20.5,4,1.130365,9.366667,-0.4,0.0009548611,0,0,0.5573785,0.01666667,134,45.62795,270.95,-0.05,0.03934896,0
1,,6/27/2015 9:21:50 AM,22,20.4,4,1.131059,9.256666,-0.4,0.0009548611,0,0.4,0.5574479,0.01888889,133,45.65104,268.45,-0.05,0.03934896,0
1,,6/27/2015 9:21:55 AM,22,20.5,4,1.131753,9.149445,-0.4,0.0009548611,0,0.3,0.5575,0.02055556,133,45.67413,266,-0.05,0.03934896,0
1,,6/27/2015 9:22:00 AM,22,20.5,4,1.132448,9.044444,-0.4,0.0009548611,0,0,0.5575,0.02055556,132,45.69705,263.5889,-0.05,0.03934896,0
1,,6/27/2015 9:22:05 AM,22,20.5,3.9,1.133125,8.941667,-0.4,0.0009548611,0,0.1,0.5575173,0.02111111,132,45.71997,261.2222,-0.05,0.03934896,0
1,,6/27/2015 9:22:10 AM,22,20.5,3.9,1.133802,8.841111,-0.4,0.0009548611,0,0.3,0.5575694,0.02277778,132,45.74288,258.9222,-0.05,0.03934896,0
1,,6/27/2015 9:22:15 AM,22,20.5,3.9,1.134479,8.742778,-0.4,0.0009548611,0,0.2,0.5576042,0.02388889,132,45.7658,256.6555,-0.05,0.03934896,0
1,,6/27/2015 9:22:20 AM,22,20.5,3.9,1.135156,8.646111,-0.3,0.0009548611,0,0.3,0.5576562,0.02555556,131,45.78854,254.4,-0.05,0.03934896,0
1,,6/27/2015 9:22:25 AM,22,20.5,3.9,1.135833,8.551666,-0.4,0.0009548611,0,0,0.5576562,0.02555556,131,45.81128,252.1722,-0.05,0.03934896,0
1,,6/27/2015 9:22:30 AM,22,20.5,3.9,1.13651,8.458889,-0.4,0.0009548611,0,0,0.5576562,0.02555556,130,45.83385,249.9833,-0.05,0.03934896,0
1,,6/27/2015 9:22:35 AM,22,20.5,3.8,1.13717,8.367778,-0.4,0.0009548611,0,0.1,0.5576736,0.02611111,130,45.85642,247.8445,-0.05,0.03934896,0
1,,6/27/2015 9:22:40 AM,22,20.5,3.8,1.13783,8.278889,-0.4,0.0009548611,0,0,0.5576736,0.02611111,130,45.87899,245.7333,-0.05,0.03934896,0
1,,6/27/2015 9:22:45 AM,22,20.5,3.8,1.13849,8.191667,-0.4,0.0009548611,0,0.1,0.557691,0.02666667,130,45.90156,243.6333,-0.05,0.03934896,0
1,,6/27/2015 9:22:50 AM,22,20.5,3.8,1.139149,8.106112,-0.4,0.0009548611,0,0.4,0.5577604,0.02888889,129,45.92396,241.5611,-0.05,0.03934896,0
1,,6/27/2015 9:22:55 AM,22,20.5,3.7,1.139792,8.022223,-0.3,0.0009548611,0,0.4,0.5578299,0.03111111,129,45.94635,239.5667,-0.05,0.03934896,0
1,,6/27/2015 9:23:00 AM,22,20.5,3.7,1.140434,7.940556,-0.4,0.0009548611,0,0.1,0.5578472,0.03166667,129,45.96875,237.6389,-0.05,0.03934896,0
1,,6/27/2015 9:23:05 AM,22,20.5,3.7,1.141076,7.860556,-0.4,0.0009548611,0,0,0.5578472,0.03166667,127,45.9908,235.7611,-0.05,0.03934896,0
1,,6/27/2015 9:23:10 AM,22,20.5,3.7,1.141719,7.782222,-0.4,0.0009548611,0,0,0.5578472,0.03166667,127,46.01285,233.9167,-0.05,0.03934896,0
1,,6/27/2015 9:23:15 AM,22,20.5,3.7,1.142361,7.706111,-0.4,0.0009548611,0,0,0.5578472,0.03166667,127,46.0349,232.1222,-0.05,0.03934896,0
1,,6/27/2015 9:23:20 AM,22,20.5,3.6,1.142986,7.630556,-0.4,0.0009548611,0,0.3,0.5578993,0.03333334,127,46.05695,230.3611,-0.05,0.03934896,0
1,,6/27/2015 9:23:25 AM,22,20.5,3.6,1.143611,7.556667,-0.4,0.0009548611,0,0.4,0.5579687,0.03555556,126,46.07882,228.6056,-0.05,0.03934896,0
1,,6/27/2015 9:23:30 AM,22,20.5,3.6,1.144236,7.483889,-0.4,0.0009548611,0,0.4,0.5580382,0.03777778,125,46.10052,226.85,-0.05,0.03934896,0
1,,6/27/2015 9:23:35 AM,22,20.5,3.6,1.144861,7.412222,-0.3,0.0009548611,0,0.1,0.5580556,0.03833333,125,46.12222,225.1056,-0.05,0.03934896,0
1,,6/27/2015 9:23:40 AM,22,20.5,3.6,1.145486,7.342222,-0.3,0.0009548611,0,0.1,0.5580729,0.03888889,125,46.14392,223.3778,-0.05,0.03934896,0
1,,6/27/2015 9:23:45 AM,22,20.5,3.6,1.146111,7.273333,-0.4,0.0009548611,0,0.2,0.5581076,0.04,124,46.16545,221.6667,-0.05,0.03934896,0
1,,6/27/2015 9:23:50 AM,22,20.5,3.5,1.146719,7.205,-0.4,0.0009548611,0,0.3,0.5581597,0.04166667,125,46.18715,219.9778,-0.05,0.03934896,0
1,,6/27/2015 9:23:55 AM,22,20.5,3.5,1.147326,7.138333,-0.4,0.0009548611,0,0.3,0.5582118,0.04333333,125,46.20885,218.3,-0.05,0.03934896,0
1,,6/27/2015 9:24:00 AM,22,20.5,3.5,1.147934,7.073333,-0.3,0.0009548611,0,0.4,0.5582812,0.04555556,125,46.23056,216.6778,-0.05,0.03934896,0
1,,6/27/2015 9:24:05 AM,22,20.5,3.5,1.148542,7.009444,-0.4,0.0009548611,0,0,0.5582812,0.04555556,124,46.25208,215.1,-0.05,0.03934896,0
1,,6/27/2015 9:24:10 AM,22,20.5,3.5,1.149149,6.947222,-0.4,0.0009548611,0,0.2,0.558316,0.04666667,123,46.27344,213.5333,-0.05,0.03934896,0
1,,6/27/2015 9:24:15 AM,22,20.5,3.5,1.149757,6.885556,-0.3,0.0009548611,0,0.2,0.5583507,0.04777778,123,46.29479,212.0056,-0.05,0.03934896,0
1,,6/27/2015 9:24:20 AM,22,20.5,3.4,1.150347,6.823889,-0.4,0.0009548611,0,0,0.5583507,0.04777778,123,46.31615,210.4667,-0.05,0.03934896,0
1,,6/27/2015 9:24:25 AM,22,20.5,3.4,1.150938,6.763889,-0.4,0.0009548611,0,0.4,0.5584201,0.05,123,46.3375,208.9556,-0.05,0.03934896,0
1,,6/27/2015 9:24:30 AM,22,20.5,3.4,1.151528,6.705555,-0.3,0.0009548611,0,0.4,0.5584896,0.05222222,122,46.35868,207.5111,-0.05,0.03934896,0
1,,6/27/2015 9:24:35 AM,22,20.5,3.2,1.152083,6.647222,-0.3,0.0009548611,0,0.5,0.5585764,0.055,122,46.37986,206.1278,-0.05,0.03934896,0
1,,6/27/2015 9:24:40 AM,22,20.5,3.2,1.152639,6.590556,-0.3,0.0009548611,0,0.5,0.5586632,0.05777778,122,46.40104,204.7889,-0.05,0.03934896,0
1,,6/27/2015 9:24:45 AM,22,20.5,3.2,1.153194,6.534444,-0.3,0.0009548611,0,0.4,0.5587326,0.06,121,46.42205,203.4667,-0.05,0.03934896,0
1,,6/27/2015 9:24:50 AM,22,20.5,3.2,1.15375,6.478889,-0.3,0.0009548611,0,0.5,0.5588195,0.06277778,121,46.44305,202.1167,-0.05,0.03934896,0
1,,6/27/2015 9:24:55 AM,22,20.5,3.2,1.154306,6.423889,-0.3,0.0009548611,0,0.4,0.5588889,0.065,121,46.46406,200.7389,-0.05,0.03934896,0
1,,6/27/2015 9:25:00 AM,22,20.4,3.2,1.154861,6.37,-0.3,0.0009548611,0,0.5,0.5589757,0.06777778,121,46.48507,199.3667,-0.05,0.03934896,0
1,,6/27/2015 9:25:05 AM,22,20.4,3.2,1.155417,6.317222,-0.3,0.0009548611,0,0.5,0.5590625,0.07055556,121,46.50608,198.0111,-0.05,0.03934896,0
1,,6/27/2015 9:25:10 AM,22,20.4,3.1,1.155955,6.264444,-0.3,0.0009548611,0,0.5,0.5591493,0.07333334,122,46.52726,196.6722,-0.05,0.03934896,0
1,,6/27/2015 9:25:15 AM,22,20.4,3.1,1.156493,6.212778,-0.3,0.0009548611,0,0.5,0.5592361,0.07611112,120,46.54809,195.3389,-0.05,0.03934896,0
1,,6/27/2015 9:25:20 AM,22,20.4,3.1,1.157031,6.162222,-0.3,0.0009548611,0,0.5,0.5593229,0.07888889,120,46.56892,194.05,-0.05,0.03934896,0
1,,6/27/2015 9:25:25 AM,22,20.4,3.1,1.157569,6.112222,-0.2,0.0009548611,0,0.5,0.5594097,0.08166667,120,46.58976,192.7722,-0.05,0.03934896,0
1,,6/27/2015 9:25:30 AM,22,20.4,3.1,1.158108,6.062778,-0.2,0.0009548611,0,0.5,0.5594965,0.08444445,121,46.61076,191.5056,-0.05,0.03934896,0
1,,6/27/2015 9:25:35 AM,22,20.4,3,1.158628,6.013333,-0.3,0.0009548611,0,0.5,0.5595833,0.08722223,123,46.63212,190.2722,-0.05,0.03934896,0
1,,6/27/2015 9:25:40 AM,22,20.4,3,1.159149,5.965,-0.2,0.0009548611,0,0.5,0.5596702,0.09,122,46.6533,189.0611,-0.03,0.03934896,0
1,,6/27/2015 9:25:45 AM,22,20.4,3,1.15967,5.917222,-0.3,0.0009548611,0,0.5,0.5597569,0.09277778,122,46.67448,187.8778,-0.03,0.03934896,0
1,,6/27/2015 9:25:50 AM,22,20.5,3,1.160191,5.870555,-0.2,0.0009548611,0,0.5,0.5598438,0.09555556,121,46.69549,186.7,-0.03,0.03934896,0
1,,6/27/2015 9:25:55 AM,22,20.4,3,1.160712,5.825,-0.3,0.0009548611,0,0.5,0.5599306,0.09833334,120,46.71632,185.55,-0.03,0.03934896,0
1,,6/27/2015 9:26:00 AM,22,20.5,3,1.161233,5.78,-0.2,0.0009548611,0,0.5,0.5600173,0.1011111,120,46.73715,184.4444,-0.03,0.03934896,0
1,,6/27/2015 9:26:05 AM,22,20.5,3,1.161753,5.736111,-0.3,0.0009548611,0,0.4,0.5600868,0.1033333,121,46.75816,183.3611,-0.03,0.03934896,0
1,,6/27/2015 9:26:10 AM,22,20.5,2.9,1.162257,5.692222,-0.3,0.0009548611,0,0.5,0.5601736,0.1061111,120,46.77899,182.2833,-0.03,0.03934896,0
1,,6/27/2015 9:26:15 AM,22,20.4,2.9,1.16276,5.648889,-0.3,0.0009548611,0,0.5,0.5602604,0.1088889,119,46.79965,181.2056,-0.03,0.03934896,0
1,,6/27/2015 9:26:20 AM,22,20.4,2.9,1.163264,5.606667,-0.3,0.0009548611,0,0.5,0.5603472,0.1116667,119,46.82031,180.1555,-0.03,0.03934896,0
1,,6/27/2015 9:26:25 AM,22,20.4,2.9,1.163767,5.565,-0.2,0.0009548611,0,0.5,0.560434,0.1144444,119,46.84097,179.1278,-0.03,0.03934896,0
1,,6/27/2015 9:26:30 AM,22,20.4,2.9,1.164271,5.523889,-0.2,0.0009548611,0,0.5,0.5605208,0.1172222,119,46.86163,178.1167,-0.03,0.03934896,0
