File ID,1,,
Transmitter Address,4,,
Thermocouple Type,K,,
Start Time,"Saturday, June 27, 2015 8:25:29 AM",,
Interval (seconds),2,,
Number of Records,1240,,
Units (degrees),C,,
Battery Voltage,1.706,,
,,,
Date,Time,Process,Ambient
6/27/2015,8:25:29 AM,19,20.4
6/27/2015,8:25:31 AM,19,20.3
6/27/2015,8:25:33 AM,19,20.4
6/27/2015,8:25:35 AM,20,20.4
6/27/2015,8:25:37 AM,19,20.3
6/27/2015,8:25:39 AM,20,20.4
6/27/2015,8:25:41 AM,20,20.3
6/27/2015,8:25:43 AM,20,20.4
6/27/2015,8:25:45 AM,21,20.4
6/27/2015,8:25:47 AM,20,20.4
6/27/2015,8:25:49 AM,20,20.4
6/27/2015,8:25:51 AM,20,20.4
6/27/2015,8:25:53 AM,20,20.4
6/27/2015,8:25:55 AM,20,20.4
6/27/2015,8:25:57 AM,20,20.4
6/27/2015,8:25:59 AM,20,20.4
6/27/2015,8:26:01 AM,20,20.4
6/27/2015,8:26:03 AM,20,20.4
6/27/2015,8:26:05 AM,20,20.4
6/27/2015,8:26:07 AM,20,20.4
6/27/2015,8:26:09 AM,20,20.4
6/27/2015,8:26:11 AM,20,20.4
6/27/2015,8:26:13 AM,20,20.4
6/27/2015,8:26:15 AM,20,20.4
6/27/2015,8:26:17 AM,20,20.4
6/27/2015,8:26:19 AM,20,20.4
6/27/2015,8:26:21 AM,20,20.4
6/27/2015,8:26:23 AM,20,20.4
6/27/2015,8:26:25 AM,20,20.4
6/27/2015,8:26:27 AM,20,20.4
6/27/2015,8:26:29 AM,20,20.4
6/27/2015,8:26:31 AM,20,20.4
6/27/2015,8:26:33 AM,20,20.4
6/27/2015,8:26:35 AM,20,20.4
6/27/2015,8:26:37 AM,20,20.4
6/27/2015,8:26:39 AM,20,20.4
6/27/2015,8:26:41 AM,20,20.4
6/27/2015,8:26:43 AM,20,20.4
6/27/2015,8:26:45 AM,20,20.4
6/27/2015,8:26:47 AM,20,20.4
6/27/2015,8:26:49 AM,20,20.4
6/27/2015,8:26:51 AM,20,20.4
6/27/2015,8:26:53 AM,20,20.4
6/27/2015,8:26:55 AM,20,20.4
6/27/2015,8:26:57 AM,20,20.4
6/27/2015,8:26:59 AM,20,20.4
6/27/2015,8:27:01 AM,20,20.4
6/27/2015,8:27:03 AM,20,20.4
6/27/2015,8:27:05 AM,20,20.4
6/27/2015,8:27:07 AM,20,20.4
6/27/2015,8:27:09 AM,19,20.4
6/27/2015,8:27:11 AM,20,20.4
6/27/2015,8:27:13 AM,20,20.4
6/27/2015,8:27:15 AM,20,20.4
6/27/2015,8:27:17 AM,20,20.4
6/27/2015,8:27:19 AM,20,20.4
6/27/2015,8:27:21 AM,20,20.4
6/27/2015,8:27:23 AM,20,20.4
6/27/2015,8:27:25 AM,20,20.4
6/27/2015,8:27:27 AM,20,20.4
6/27/2015,8:27:29 AM,20,20.4
6/27/2015,8:27:31 AM,20,20.4
6/27/2015,8:27:33 AM,20,20.4
6/27/2015,8:27:35 AM,20,20.4
6/27/2015,8:27:37 AM,20,20.4
6/27/2015,8:27:39 AM,20,20.4
6/27/2015,8:27:41 AM,20,20.4
6/27/2015,8:27:43 AM,20,20.4
6/27/2015,8:27:45 AM,20,20.4
6/27/2015,8:27:47 AM,20,20.4
6/27/2015,8:27:49 AM,20,20.4
6/27/2015,8:27:51 AM,20,20.4
6/27/2015,8:27:53 AM,20,20.4
6/27/2015,8:27:55 AM,20,20.4
6/27/2015,8:27:57 AM,20,20.4
6/27/2015,8:27:59 AM,20,20.4
6/27/2015,8:28:01 AM,20,20.4
6/27/2015,8:28:03 AM,20,20.4
6/27/2015,8:28:05 AM,20,20.4
6/27/2015,8:28:07 AM,20,20.4
6/27/2015,8:28:09 AM,20,20.4
6/27/2015,8:28:11 AM,20,20.4
6/27/2015,8:28:13 AM,20,20.4
6/27/2015,8:28:15 AM,20,20.4
6/27/2015,8:28:17 AM,20,20.4
6/27/2015,8:28:19 AM,20,20.4
6/27/2015,8:28:21 AM,20,20.4
6/27/2015,8:28:23 AM,20,20.4
6/27/2015,8:28:25 AM,20,20.4
6/27/2015,8:28:27 AM,20,20.4
6/27/2015,8:28:29 AM,20,20.4
6/27/2015,8:28:31 AM,20,20.4
6/27/2015,8:28:33 AM,20,20.4
6/27/2015,8:28:35 AM,20,20.4
6/27/2015,8:28:37 AM,20,20.4
6/27/2015,8:28:39 AM,20,20.4
6/27/2015,8:28:41 AM,20,20.4
6/27/2015,8:28:43 AM,20,20.4
6/27/2015,8:28:45 AM,20,20.4
6/27/2015,8:28:47 AM,20,20.4
6/27/2015,8:28:49 AM,20,20.4
6/27/2015,8:28:51 AM,20,20.4
6/27/2015,8:28:53 AM,20,20.4
6/27/2015,8:28:55 AM,20,20.4
6/27/2015,8:28:57 AM,20,20.4
6/27/2015,8:28:59 AM,20,20.4
6/27/2015,8:29:01 AM,20,20.4
6/27/2015,8:29:03 AM,20,20.4
6/27/2015,8:29:05 AM,20,20.4
6/27/2015,8:29:07 AM,20,20.4
6/27/2015,8:29:09 AM,20,20.4
6/27/2015,8:29:11 AM,20,20.4
6/27/2015,8:29:13 AM,20,20.4
6/27/2015,8:29:15 AM,20,20.4
6/27/2015,8:29:17 AM,20,20.4
6/27/2015,8:29:19 AM,20,20.4
6/27/2015,8:29:21 AM,20,20.4
6/27/2015,8:29:23 AM,20,20.4
6/27/2015,8:29:25 AM,20,20.4
6/27/2015,8:29:27 AM,20,20.4
6/27/2015,8:29:29 AM,20,20.4
6/27/2015,8:29:31 AM,20,20.4
6/27/2015,8:29:33 AM,20,20.4
6/27/2015,8:29:35 AM,20,20.4
6/27/2015,8:29:37 AM,20,20.4
6/27/2015,8:29:39 AM,20,20.4
6/27/2015,8:29:41 AM,20,20.4
6/27/2015,8:29:43 AM,20,20.4
6/27/2015,8:29:45 AM,20,20.4
6/27/2015,8:29:47 AM,20,20.4
6/27/2015,8:29:49 AM,20,20.4
6/27/2015,8:29:51 AM,20,20.4
6/27/2015,8:29:53 AM,20,20.4
6/27/2015,8:29:55 AM,20,20.4
6/27/2015,8:29:57 AM,20,20.4
6/27/2015,8:29:59 AM,20,20.4
6/27/2015,8:30:01 AM,20,20.4
6/27/2015,8:30:03 AM,20,20.4
6/27/2015,8:30:05 AM,20,20.4
6/27/2015,8:30:07 AM,20,20.4
6/27/2015,8:30:09 AM,20,20.4
6/27/2015,8:30:11 AM,20,20.4
6/27/2015,8:30:13 AM,20,20.4
6/27/2015,8:30:15 AM,20,20.4
6/27/2015,8:30:17 AM,20,20.4
6/27/2015,8:30:19 AM,20,20.4
6/27/2015,8:30:21 AM,20,20.4
6/27/2015,8:30:23 AM,20,20.4
6/27/2015,8:30:25 AM,20,20.4
6/27/2015,8:30:27 AM,20,20.4
6/27/2015,8:30:29 AM,20,20.4
6/27/2015,8:30:31 AM,20,20.4
6/27/2015,8:30:33 AM,21,20.4
6/27/2015,8:30:35 AM,21,20.4
6/27/2015,8:30:37 AM,21,20.4
6/27/2015,8:30:39 AM,20,20.4
6/27/2015,8:30:41 AM,20,20.4
6/27/2015,8:30:43 AM,20,20.4
6/27/2015,8:30:45 AM,20,20.4
6/27/2015,8:30:47 AM,20,20.4
6/27/2015,8:30:49 AM,20,20.4
6/27/2015,8:30:51 AM,20,20.4
6/27/2015,8:30:53 AM,20,20.5
6/27/2015,8:30:55 AM,20,20.5
6/27/2015,8:30:57 AM,20,20.4
6/27/2015,8:30:59 AM,20,20.4
6/27/2015,8:31:01 AM,20,20.4
6/27/2015,8:31:03 AM,20,20.5
6/27/2015,8:31:05 AM,20,20.5
6/27/2015,8:31:07 AM,20,20.4
6/27/2015,8:31:09 AM,20,20.5
6/27/2015,8:31:11 AM,20,20.5
6/27/2015,8:31:13 AM,20,20.5
6/27/2015,8:31:15 AM,20,20.5
6/27/2015,8:31:17 AM,20,20.5
6/27/2015,8:31:19 AM,20,20.5
6/27/2015,8:31:21 AM,20,20.5
6/27/2015,8:31:23 AM,20,20.4
6/27/2015,8:31:25 AM,20,20.4
6/27/2015,8:31:27 AM,20,20.5
6/27/2015,8:31:29 AM,20,20.5
6/27/2015,8:31:31 AM,20,20.5
6/27/2015,8:31:33 AM,20,20.5
6/27/2015,8:31:35 AM,20,20.5
6/27/2015,8:31:37 AM,20,20.5
6/27/2015,8:31:39 AM,20,20.5
6/27/2015,8:31:41 AM,20,20.5
6/27/2015,8:31:43 AM,20,20.5
6/27/2015,8:31:45 AM,20,20.5
6/27/2015,8:31:47 AM,20,20.5
6/27/2015,8:31:49 AM,20,20.5
6/27/2015,8:31:51 AM,20,20.5
6/27/2015,8:31:53 AM,20,20.5
6/27/2015,8:31:55 AM,20,20.5
6/27/2015,8:31:57 AM,20,20.5
6/27/2015,8:31:59 AM,20,20.5
6/27/2015,8:32:01 AM,20,20.5
6/27/2015,8:32:03 AM,20,20.5
6/27/2015,8:32:05 AM,20,20.5
6/27/2015,8:32:07 AM,20,20.5
6/27/2015,8:32:09 AM,20,20.5
6/27/2015,8:32:11 AM,20,20.5
6/27/2015,8:32:13 AM,20,20.5
6/27/2015,8:32:15 AM,20,20.5
6/27/2015,8:32:17 AM,20,20.5
6/27/2015,8:32:19 AM,20,20.5
6/27/2015,8:32:21 AM,20,20.5
6/27/2015,8:32:23 AM,20,20.5
6/27/2015,8:32:25 AM,20,20.5
6/27/2015,8:32:27 AM,20,20.5
6/27/2015,8:32:29 AM,20,20.5
6/27/2015,8:32:31 AM,20,20.5
6/27/2015,8:32:33 AM,20,20.5
6/27/2015,8:32:35 AM,20,20.5
6/27/2015,8:32:37 AM,20,20.5
6/27/2015,8:32:39 AM,20,20.5
6/27/2015,8:32:41 AM,20,20.5
6/27/2015,8:32:43 AM,20,20.5
6/27/2015,8:32:45 AM,20,20.5
6/27/2015,8:32:47 AM,20,20.5
6/27/2015,8:32:49 AM,20,20.5
6/27/2015,8:32:51 AM,20,20.5
6/27/2015,8:32:53 AM,20,20.5
6/27/2015,8:32:55 AM,20,20.5
6/27/2015,8:32:57 AM,20,20.5
6/27/2015,8:32:59 AM,20,20.5
6/27/2015,8:33:01 AM,20,20.5
6/27/2015,8:33:03 AM,20,20.5
6/27/2015,8:33:05 AM,20,20.5
6/27/2015,8:33:07 AM,20,20.5
6/27/2015,8:33:09 AM,20,20.5
6/27/2015,8:33:11 AM,20,20.5
6/27/2015,8:33:13 AM,20,20.5
6/27/2015,8:33:15 AM,20,20.5
6/27/2015,8:33:17 AM,20,20.5
6/27/2015,8:33:19 AM,20,20.5
6/27/2015,8:33:21 AM,20,20.5
6/27/2015,8:33:23 AM,20,20.5
6/27/2015,8:33:25 AM,20,20.5
6/27/2015,8:33:27 AM,20,20.5
6/27/2015,8:33:29 AM,20,20.5
6/27/2015,8:33:31 AM,20,20.5
6/27/2015,8:33:33 AM,20,20.5
6/27/2015,8:33:35 AM,20,20.5
6/27/2015,8:33:37 AM,20,20.5
6/27/2015,8:33:39 AM,20,20.5
6/27/2015,8:33:41 AM,20,20.5
6/27/2015,8:33:43 AM,20,20.5
6/27/2015,8:33:45 AM,20,20.5
6/27/2015,8:33:47 AM,20,20.5
6/27/2015,8:33:49 AM,20,20.5
6/27/2015,8:33:51 AM,20,20.5
6/27/2015,8:33:53 AM,20,20.5
6/27/2015,8:33:55 AM,20,20.5
6/27/2015,8:33:57 AM,20,20.5
6/27/2015,8:33:59 AM,20,20.5
6/27/2015,8:34:01 AM,20,20.5
6/27/2015,8:34:03 AM,20,20.5
6/27/2015,8:34:05 AM,20,20.5
6/27/2015,8:34:07 AM,20,20.5
6/27/2015,8:34:09 AM,20,20.5
6/27/2015,8:34:11 AM,20,20.5
6/27/2015,8:34:13 AM,20,20.5
6/27/2015,8:34:15 AM,20,20.5
6/27/2015,8:34:17 AM,20,20.5
6/27/2015,8:34:19 AM,20,20.5
6/27/2015,8:34:21 AM,20,20.5
6/27/2015,8:34:23 AM,20,20.5
6/27/2015,8:34:25 AM,20,20.5
6/27/2015,8:34:27 AM,20,20.5
6/27/2015,8:34:29 AM,20,20.5
6/27/2015,8:34:31 AM,20,20.5
6/27/2015,8:34:33 AM,20,20.5
6/27/2015,8:34:35 AM,20,20.5
6/27/2015,8:34:37 AM,20,20.5
6/27/2015,8:34:39 AM,20,20.5
6/27/2015,8:34:41 AM,20,20.5
6/27/2015,8:34:43 AM,20,20.5
6/27/2015,8:34:45 AM,20,20.5
6/27/2015,8:34:47 AM,20,20.5
6/27/2015,8:34:49 AM,20,20.5
6/27/2015,8:34:51 AM,20,20.5
6/27/2015,8:34:53 AM,20,20.5
6/27/2015,8:34:55 AM,20,20.5
6/27/2015,8:34:57 AM,20,20.5
6/27/2015,8:34:59 AM,20,20.5
6/27/2015,8:35:01 AM,20,20.5
6/27/2015,8:35:03 AM,20,20.6
6/27/2015,8:35:05 AM,20,20.6
6/27/2015,8:35:07 AM,20,20.6
6/27/2015,8:35:09 AM,20,20.6
6/27/2015,8:35:11 AM,20,20.5
6/27/2015,8:35:13 AM,20,20.5
6/27/2015,8:35:15 AM,20,20.6
6/27/2015,8:35:17 AM,20,20.6
6/27/2015,8:35:19 AM,20,20.6
6/27/2015,8:35:21 AM,20,20.6
6/27/2015,8:35:23 AM,20,20.6
6/27/2015,8:35:25 AM,20,20.6
6/27/2015,8:35:27 AM,20,20.6
6/27/2015,8:35:29 AM,20,20.6
6/27/2015,8:35:31 AM,20,20.6
6/27/2015,8:35:33 AM,20,20.6
6/27/2015,8:35:35 AM,20,20.6
6/27/2015,8:35:37 AM,20,20.6
6/27/2015,8:35:39 AM,20,20.6
6/27/2015,8:35:41 AM,20,20.6
6/27/2015,8:35:43 AM,20,20.6
6/27/2015,8:35:45 AM,20,20.6
6/27/2015,8:35:47 AM,20,20.6
6/27/2015,8:35:49 AM,20,20.6
6/27/2015,8:35:51 AM,20,20.6
6/27/2015,8:35:53 AM,20,20.6
6/27/2015,8:35:55 AM,20,20.6
6/27/2015,8:35:57 AM,20,20.6
6/27/2015,8:35:59 AM,20,20.6
6/27/2015,8:36:01 AM,20,20.6
6/27/2015,8:36:03 AM,20,20.6
6/27/2015,8:36:05 AM,20,20.6
6/27/2015,8:36:07 AM,20,20.6
6/27/2015,8:36:09 AM,20,20.6
6/27/2015,8:36:11 AM,20,20.6
6/27/2015,8:36:13 AM,20,20.6
6/27/2015,8:36:15 AM,20,20.6
6/27/2015,8:36:17 AM,20,20.6
6/27/2015,8:36:19 AM,20,20.6
6/27/2015,8:36:21 AM,20,20.6
6/27/2015,8:36:23 AM,20,20.6
6/27/2015,8:36:25 AM,20,20.6
6/27/2015,8:36:27 AM,20,20.6
6/27/2015,8:36:29 AM,20,20.6
6/27/2015,8:36:31 AM,21,20.6
6/27/2015,8:36:33 AM,21,20.6
6/27/2015,8:36:35 AM,21,20.6
6/27/2015,8:36:37 AM,21,20.6
6/27/2015,8:36:39 AM,20,20.6
6/27/2015,8:36:41 AM,20,20.6
6/27/2015,8:36:43 AM,20,20.6
6/27/2015,8:36:45 AM,20,20.6
6/27/2015,8:36:47 AM,20,20.6
6/27/2015,8:36:49 AM,20,20.6
6/27/2015,8:36:51 AM,20,20.6
6/27/2015,8:36:53 AM,20,20.6
6/27/2015,8:36:55 AM,20,20.6
6/27/2015,8:36:57 AM,20,20.6
6/27/2015,8:36:59 AM,20,20.6
6/27/2015,8:37:01 AM,20,20.6
6/27/2015,8:37:03 AM,20,20.6
6/27/2015,8:37:05 AM,20,20.6
6/27/2015,8:37:07 AM,20,20.6
6/27/2015,8:37:09 AM,20,20.6
6/27/2015,8:37:11 AM,20,20.6
6/27/2015,8:37:13 AM,20,20.6
6/27/2015,8:37:15 AM,20,20.6
6/27/2015,8:37:17 AM,20,20.6
6/27/2015,8:37:19 AM,20,20.6
6/27/2015,8:37:21 AM,20,20.6
6/27/2015,8:37:23 AM,20,20.6
6/27/2015,8:37:25 AM,20,20.6
6/27/2015,8:37:27 AM,20,20.6
6/27/2015,8:37:29 AM,20,20.6
6/27/2015,8:37:31 AM,20,20.6
6/27/2015,8:37:33 AM,20,20.6
6/27/2015,8:37:35 AM,20,20.6
6/27/2015,8:37:37 AM,20,20.6
6/27/2015,8:37:39 AM,20,20.6
6/27/2015,8:37:41 AM,20,20.6
6/27/2015,8:37:43 AM,20,20.6
6/27/2015,8:37:45 AM,20,20.6
6/27/2015,8:37:47 AM,20,20.6
6/27/2015,8:37:49 AM,20,20.6
6/27/2015,8:37:51 AM,20,20.6
6/27/2015,8:37:53 AM,20,20.6
6/27/2015,8:37:55 AM,20,20.6
6/27/2015,8:37:57 AM,20,20.6
6/27/2015,8:37:59 AM,20,20.6
6/27/2015,8:38:01 AM,20,20.6
6/27/2015,8:38:03 AM,20,20.6
6/27/2015,8:38:05 AM,20,20.6
6/27/2015,8:38:07 AM,20,20.6
6/27/2015,8:38:09 AM,20,20.6
6/27/2015,8:38:11 AM,20,20.6
6/27/2015,8:38:13 AM,20,20.6
6/27/2015,8:38:15 AM,20,20.6
6/27/2015,8:38:17 AM,20,20.6
6/27/2015,8:38:19 AM,20,20.6
6/27/2015,8:38:21 AM,20,20.6
6/27/2015,8:38:23 AM,20,20.6
6/27/2015,8:38:25 AM,20,20.6
6/27/2015,8:38:27 AM,20,20.6
6/27/2015,8:38:29 AM,20,20.6
6/27/2015,8:38:31 AM,20,20.6
6/27/2015,8:38:33 AM,20,20.6
6/27/2015,8:38:35 AM,20,20.6
6/27/2015,8:38:37 AM,20,20.6
6/27/2015,8:38:39 AM,20,20.6
6/27/2015,8:38:41 AM,20,20.6
6/27/2015,8:38:43 AM,20,20.6
6/27/2015,8:38:45 AM,21,20.6
6/27/2015,8:38:47 AM,21,20.6
6/27/2015,8:38:49 AM,21,20.6
6/27/2015,8:38:51 AM,21,20.6
6/27/2015,8:38:53 AM,21,20.6
6/27/2015,8:38:55 AM,21,20.6
6/27/2015,8:38:57 AM,21,20.6
6/27/2015,8:38:59 AM,21,20.6
6/27/2015,8:39:01 AM,21,20.6
6/27/2015,8:39:03 AM,20,20.6
6/27/2015,8:39:05 AM,20,20.6
6/27/2015,8:39:07 AM,20,20.6
6/27/2015,8:39:09 AM,20,20.6
6/27/2015,8:39:11 AM,20,20.6
6/27/2015,8:39:13 AM,20,20.6
6/27/2015,8:39:15 AM,20,20.6
6/27/2015,8:39:17 AM,20,20.6
6/27/2015,8:39:19 AM,20,20.6
6/27/2015,8:39:21 AM,20,20.6
6/27/2015,8:39:23 AM,20,20.6
6/27/2015,8:39:25 AM,20,20.6
6/27/2015,8:39:27 AM,20,20.6
6/27/2015,8:39:29 AM,21,20.6
6/27/2015,8:39:31 AM,21,20.6
6/27/2015,8:39:33 AM,21,20.6
6/27/2015,8:39:35 AM,21,20.6
6/27/2015,8:39:37 AM,21,20.6
6/27/2015,8:39:39 AM,21,20.6
6/27/2015,8:39:41 AM,20,20.6
6/27/2015,8:39:43 AM,20,20.6
6/27/2015,8:39:45 AM,21,20.6
6/27/2015,8:39:47 AM,20,20.6
6/27/2015,8:39:49 AM,21,20.6
6/27/2015,8:39:51 AM,20,20.6
6/27/2015,8:39:53 AM,20,20.6
6/27/2015,8:39:55 AM,20,20.6
6/27/2015,8:39:57 AM,20,20.6
6/27/2015,8:39:59 AM,20,20.6
6/27/2015,8:40:01 AM,20,20.6
6/27/2015,8:40:03 AM,20,20.6
6/27/2015,8:40:05 AM,20,20.6
6/27/2015,8:40:07 AM,20,20.6
6/27/2015,8:40:09 AM,21,20.6
6/27/2015,8:40:11 AM,21,20.6
6/27/2015,8:40:13 AM,21,20.6
6/27/2015,8:40:15 AM,21,20.6
6/27/2015,8:40:17 AM,21,20.6
6/27/2015,8:40:19 AM,21,20.6
6/27/2015,8:40:21 AM,21,20.6
6/27/2015,8:40:23 AM,21,20.6
6/27/2015,8:40:25 AM,21,20.6
6/27/2015,8:40:27 AM,21,20.7
6/27/2015,8:40:29 AM,21,20.6
6/27/2015,8:40:31 AM,21,20.6
6/27/2015,8:40:33 AM,21,20.6
6/27/2015,8:40:35 AM,21,20.6
6/27/2015,8:40:37 AM,21,20.7
6/27/2015,8:40:39 AM,20,20.6
6/27/2015,8:40:41 AM,20,20.6
6/27/2015,8:40:43 AM,20,20.6
6/27/2015,8:40:45 AM,20,20.7
6/27/2015,8:40:47 AM,20,20.7
6/27/2015,8:40:49 AM,20,20.7
6/27/2015,8:40:51 AM,20,20.7
6/27/2015,8:40:53 AM,20,20.7
6/27/2015,8:40:55 AM,20,20.6
6/27/2015,8:40:57 AM,20,20.6
6/27/2015,8:40:59 AM,20,20.7
6/27/2015,8:41:01 AM,20,20.7
6/27/2015,8:41:03 AM,20,20.7
6/27/2015,8:41:05 AM,20,20.7
6/27/2015,8:41:07 AM,20,20.7
6/27/2015,8:41:09 AM,20,20.7
6/27/2015,8:41:11 AM,20,20.7
6/27/2015,8:41:13 AM,21,20.7
6/27/2015,8:41:15 AM,21,20.7
6/27/2015,8:41:17 AM,21,20.7
6/27/2015,8:41:19 AM,21,20.7
6/27/2015,8:41:21 AM,21,20.7
6/27/2015,8:41:23 AM,21,20.7
6/27/2015,8:41:25 AM,21,20.7
6/27/2015,8:41:27 AM,21,20.7
6/27/2015,8:41:29 AM,21,20.7
6/27/2015,8:41:31 AM,21,20.7
6/27/2015,8:41:33 AM,21,20.7
6/27/2015,8:41:35 AM,21,20.7
6/27/2015,8:41:37 AM,21,20.7
6/27/2015,8:41:39 AM,21,20.7
6/27/2015,8:41:41 AM,20,20.7
6/27/2015,8:41:43 AM,20,20.7
6/27/2015,8:41:45 AM,21,20.7
6/27/2015,8:41:47 AM,21,20.7
6/27/2015,8:41:49 AM,21,20.7
6/27/2015,8:41:51 AM,21,20.7
6/27/2015,8:41:53 AM,21,20.7
6/27/2015,8:41:55 AM,21,20.7
6/27/2015,8:41:57 AM,21,20.7
6/27/2015,8:41:59 AM,21,20.7
6/27/2015,8:42:01 AM,21,20.7
6/27/2015,8:42:03 AM,21,20.7
6/27/2015,8:42:05 AM,21,20.7
6/27/2015,8:42:07 AM,21,20.7
6/27/2015,8:42:09 AM,21,20.7
6/27/2015,8:42:11 AM,21,20.7
6/27/2015,8:42:13 AM,21,20.7
6/27/2015,8:42:15 AM,21,20.7
6/27/2015,8:42:17 AM,21,20.7
6/27/2015,8:42:19 AM,21,20.7
6/27/2015,8:42:21 AM,21,20.7
6/27/2015,8:42:23 AM,21,20.7
6/27/2015,8:42:25 AM,21,20.7
6/27/2015,8:42:27 AM,21,20.7
6/27/2015,8:42:29 AM,21,20.7
6/27/2015,8:42:31 AM,21,20.7
6/27/2015,8:42:33 AM,21,20.7
6/27/2015,8:42:35 AM,21,20.7
6/27/2015,8:42:37 AM,21,20.7
6/27/2015,8:42:39 AM,21,20.7
6/27/2015,8:42:41 AM,21,20.7
6/27/2015,8:42:43 AM,21,20.7
6/27/2015,8:42:45 AM,21,20.7
6/27/2015,8:42:47 AM,21,20.7
6/27/2015,8:42:49 AM,21,20.7
6/27/2015,8:42:51 AM,21,20.7
6/27/2015,8:42:53 AM,21,20.7
6/27/2015,8:42:55 AM,20,20.7
6/27/2015,8:42:57 AM,20,20.7
6/27/2015,8:42:59 AM,21,20.7
6/27/2015,8:43:01 AM,21,20.7
6/27/2015,8:43:03 AM,21,20.7
6/27/2015,8:43:05 AM,21,20.7
6/27/2015,8:43:07 AM,21,20.7
6/27/2015,8:43:09 AM,21,20.7
6/27/2015,8:43:11 AM,21,20.7
6/27/2015,8:43:13 AM,21,20.7
6/27/2015,8:43:15 AM,21,20.7
6/27/2015,8:43:17 AM,21,20.7
6/27/2015,8:43:19 AM,21,20.7
6/27/2015,8:43:21 AM,21,20.7
6/27/2015,8:43:23 AM,21,20.7
6/27/2015,8:43:25 AM,20,20.7
6/27/2015,8:43:27 AM,21,20.7
6/27/2015,8:43:29 AM,20,20.7
6/27/2015,8:43:31 AM,20,20.7
6/27/2015,8:43:33 AM,20,20.7
6/27/2015,8:43:35 AM,20,20.7
6/27/2015,8:43:37 AM,21,20.7
6/27/2015,8:43:39 AM,21,20.7
6/27/2015,8:43:41 AM,21,20.7
6/27/2015,8:43:43 AM,21,20.7
6/27/2015,8:43:45 AM,21,20.8
6/27/2015,8:43:47 AM,21,20.8
6/27/2015,8:43:49 AM,21,20.8
6/27/2015,8:43:51 AM,21,20.8
6/27/2015,8:43:53 AM,21,20.8
6/27/2015,8:43:55 AM,21,20.8
6/27/2015,8:43:57 AM,21,20.8
6/27/2015,8:43:59 AM,21,20.8
6/27/2015,8:44:01 AM,21,20.8
6/27/2015,8:44:03 AM,21,20.8
6/27/2015,8:44:05 AM,21,20.8
6/27/2015,8:44:07 AM,21,20.8
6/27/2015,8:44:09 AM,21,20.8
6/27/2015,8:44:11 AM,21,20.8
6/27/2015,8:44:13 AM,21,20.8
6/27/2015,8:44:15 AM,21,20.8
6/27/2015,8:44:17 AM,21,20.8
6/27/2015,8:44:19 AM,21,20.8
6/27/2015,8:44:21 AM,21,20.8
6/27/2015,8:44:23 AM,21,20.8
6/27/2015,8:44:25 AM,21,20.8
6/27/2015,8:44:27 AM,21,20.8
6/27/2015,8:44:29 AM,21,20.8
6/27/2015,8:44:31 AM,21,20.8
6/27/2015,8:44:33 AM,21,20.8
6/27/2015,8:44:35 AM,21,20.8
6/27/2015,8:44:37 AM,21,20.8
6/27/2015,8:44:39 AM,21,20.8
6/27/2015,8:44:41 AM,21,20.8
6/27/2015,8:44:43 AM,21,20.8
6/27/2015,8:44:45 AM,21,20.8
6/27/2015,8:44:47 AM,21,20.8
6/27/2015,8:44:49 AM,21,20.8
6/27/2015,8:44:51 AM,21,20.8
6/27/2015,8:44:53 AM,21,20.8
6/27/2015,8:44:55 AM,21,20.8
6/27/2015,8:44:57 AM,20,20.8
6/27/2015,8:44:59 AM,20,20.8
6/27/2015,8:45:01 AM,20,20.8
6/27/2015,8:45:03 AM,20,20.8
6/27/2015,8:45:05 AM,20,20.8
6/27/2015,8:45:07 AM,20,20.8
6/27/2015,8:45:09 AM,20,20.8
6/27/2015,8:45:11 AM,20,20.8
6/27/2015,8:45:13 AM,20,20.8
6/27/2015,8:45:15 AM,20,20.8
6/27/2015,8:45:17 AM,20,20.8
6/27/2015,8:45:19 AM,20,20.8
6/27/2015,8:45:21 AM,20,20.8
6/27/2015,8:45:23 AM,21,20.8
6/27/2015,8:45:25 AM,21,20.8
6/27/2015,8:45:27 AM,21,20.8
6/27/2015,8:45:29 AM,21,20.8
6/27/2015,8:45:31 AM,21,20.8
6/27/2015,8:45:33 AM,21,20.8
6/27/2015,8:45:35 AM,21,20.8
6/27/2015,8:45:37 AM,21,20.8
6/27/2015,8:45:39 AM,20,20.8
6/27/2015,8:45:41 AM,21,20.8
6/27/2015,8:45:43 AM,21,20.8
6/27/2015,8:45:45 AM,21,20.8
6/27/2015,8:45:47 AM,21,20.8
6/27/2015,8:45:49 AM,21,20.8
6/27/2015,8:45:51 AM,21,20.8
6/27/2015,8:45:53 AM,21,20.8
6/27/2015,8:45:55 AM,21,20.8
6/27/2015,8:45:57 AM,21,20.8
6/27/2015,8:45:59 AM,21,20.8
6/27/2015,8:46:01 AM,21,20.8
6/27/2015,8:46:03 AM,21,20.8
6/27/2015,8:46:05 AM,21,20.8
6/27/2015,8:46:07 AM,21,20.8
6/27/2015,8:46:09 AM,21,20.8
6/27/2015,8:46:11 AM,21,20.8
6/27/2015,8:46:13 AM,21,20.8
6/27/2015,8:46:15 AM,21,20.8
6/27/2015,8:46:17 AM,21,20.8
6/27/2015,8:46:19 AM,21,20.8
6/27/2015,8:46:21 AM,21,20.8
6/27/2015,8:46:23 AM,21,20.8
6/27/2015,8:46:25 AM,21,20.8
6/27/2015,8:46:27 AM,21,20.8
6/27/2015,8:46:29 AM,21,20.8
6/27/2015,8:46:31 AM,21,20.8
6/27/2015,8:46:33 AM,21,20.8
6/27/2015,8:46:35 AM,21,20.8
6/27/2015,8:46:37 AM,21,20.8
6/27/2015,8:46:39 AM,21,20.8
6/27/2015,8:46:41 AM,21,20.8
6/27/2015,8:46:43 AM,21,20.8
6/27/2015,8:46:45 AM,21,20.8
6/27/2015,8:46:47 AM,21,20.8
6/27/2015,8:46:49 AM,21,20.8
6/27/2015,8:46:51 AM,21,20.8
6/27/2015,8:46:53 AM,21,20.8
6/27/2015,8:46:55 AM,21,20.8
6/27/2015,8:46:57 AM,21,20.8
6/27/2015,8:46:59 AM,21,20.8
6/27/2015,8:47:01 AM,21,20.8
6/27/2015,8:47:03 AM,21,20.8
6/27/2015,8:47:05 AM,21,20.8
6/27/2015,8:47:07 AM,21,20.8
6/27/2015,8:47:09 AM,21,20.8
6/27/2015,8:47:11 AM,21,20.8
6/27/2015,8:47:13 AM,21,20.8
6/27/2015,8:47:15 AM,21,20.8
6/27/2015,8:47:17 AM,21,20.8
6/27/2015,8:47:19 AM,21,20.8
6/27/2015,8:47:21 AM,21,20.8
6/27/2015,8:47:23 AM,21,20.8
6/27/2015,8:47:25 AM,21,20.8
6/27/2015,8:47:27 AM,20,20.8
6/27/2015,8:47:29 AM,20,20.8
6/27/2015,8:47:31 AM,21,20.8
6/27/2015,8:47:33 AM,21,20.8
6/27/2015,8:47:35 AM,21,20.8
6/27/2015,8:47:37 AM,21,20.8
6/27/2015,8:47:39 AM,21,20.8
6/27/2015,8:47:41 AM,21,20.8
6/27/2015,8:47:43 AM,20,20.8
6/27/2015,8:47:45 AM,21,20.8
6/27/2015,8:47:47 AM,21,20.8
6/27/2015,8:47:49 AM,21,20.8
6/27/2015,8:47:51 AM,21,20.8
6/27/2015,8:47:53 AM,21,20.8
6/27/2015,8:47:55 AM,21,20.8
6/27/2015,8:47:57 AM,21,20.8
6/27/2015,8:47:59 AM,21,20.8
6/27/2015,8:48:01 AM,21,20.8
6/27/2015,8:48:03 AM,21,20.8
6/27/2015,8:48:05 AM,21,20.8
6/27/2015,8:48:07 AM,21,20.8
6/27/2015,8:48:09 AM,21,20.8
6/27/2015,8:48:11 AM,21,20.8
6/27/2015,8:48:13 AM,21,20.8
6/27/2015,8:48:15 AM,21,20.8
6/27/2015,8:48:17 AM,21,20.8
6/27/2015,8:48:19 AM,21,20.8
6/27/2015,8:48:21 AM,21,20.8
6/27/2015,8:48:23 AM,21,20.8
6/27/2015,8:48:25 AM,21,20.8
6/27/2015,8:48:27 AM,21,20.8
6/27/2015,8:48:29 AM,21,20.8
6/27/2015,8:48:31 AM,21,20.9
6/27/2015,8:48:33 AM,21,20.8
6/27/2015,8:48:35 AM,21,20.8
6/27/2015,8:48:37 AM,21,20.8
6/27/2015,8:48:39 AM,21,20.8
6/27/2015,8:48:41 AM,21,20.8
6/27/2015,8:48:43 AM,21,20.8
6/27/2015,8:48:45 AM,21,20.8
6/27/2015,8:48:47 AM,21,20.8
6/27/2015,8:48:49 AM,21,20.8
6/27/2015,8:48:51 AM,21,20.8
6/27/2015,8:48:53 AM,21,20.8
6/27/2015,8:48:55 AM,21,20.8
6/27/2015,8:48:57 AM,21,20.9
6/27/2015,8:48:59 AM,21,20.8
6/27/2015,8:49:01 AM,21,20.8
6/27/2015,8:49:03 AM,21,20.8
6/27/2015,8:49:05 AM,21,20.9
6/27/2015,8:49:07 AM,21,20.8
6/27/2015,8:49:09 AM,21,20.8
6/27/2015,8:49:11 AM,21,20.9
6/27/2015,8:49:13 AM,21,20.8
6/27/2015,8:49:15 AM,21,20.8
6/27/2015,8:49:17 AM,21,20.8
6/27/2015,8:49:19 AM,21,20.8
6/27/2015,8:49:21 AM,21,20.9
6/27/2015,8:49:23 AM,21,20.8
6/27/2015,8:49:25 AM,21,20.9
6/27/2015,8:49:27 AM,21,20.9
6/27/2015,8:49:29 AM,21,20.9
6/27/2015,8:49:31 AM,21,20.9
6/27/2015,8:49:33 AM,21,20.9
6/27/2015,8:49:35 AM,21,20.9
6/27/2015,8:49:37 AM,21,20.9
6/27/2015,8:49:39 AM,21,20.9
6/27/2015,8:49:41 AM,21,20.9
6/27/2015,8:49:43 AM,21,20.9
6/27/2015,8:49:45 AM,21,20.9
6/27/2015,8:49:47 AM,21,20.9
6/27/2015,8:49:49 AM,21,20.9
6/27/2015,8:49:51 AM,21,20.9
6/27/2015,8:49:53 AM,21,20.9
6/27/2015,8:49:55 AM,21,20.9
6/27/2015,8:49:57 AM,21,20.9
6/27/2015,8:49:59 AM,21,20.9
6/27/2015,8:50:01 AM,21,20.9
6/27/2015,8:50:03 AM,21,20.9
6/27/2015,8:50:05 AM,21,20.9
6/27/2015,8:50:07 AM,21,20.9
6/27/2015,8:50:09 AM,21,20.9
6/27/2015,8:50:11 AM,21,20.9
6/27/2015,8:50:13 AM,21,20.9
6/27/2015,8:50:15 AM,21,20.9
6/27/2015,8:50:17 AM,21,20.9
6/27/2015,8:50:19 AM,21,20.9
6/27/2015,8:50:21 AM,21,20.9
6/27/2015,8:50:23 AM,21,20.9
6/27/2015,8:50:25 AM,21,20.9
6/27/2015,8:50:27 AM,21,20.9
6/27/2015,8:50:29 AM,21,20.9
6/27/2015,8:50:31 AM,21,20.9
6/27/2015,8:50:33 AM,21,20.9
6/27/2015,8:50:35 AM,21,20.9
6/27/2015,8:50:37 AM,21,20.9
6/27/2015,8:50:39 AM,21,20.9
6/27/2015,8:50:41 AM,21,20.9
6/27/2015,8:50:43 AM,21,20.9
6/27/2015,8:50:45 AM,21,20.9
6/27/2015,8:50:47 AM,21,20.9
6/27/2015,8:50:49 AM,21,20.9
6/27/2015,8:50:51 AM,21,20.9
6/27/2015,8:50:53 AM,21,20.9
6/27/2015,8:50:55 AM,21,20.9
6/27/2015,8:50:57 AM,21,20.9
6/27/2015,8:50:59 AM,21,20.9
6/27/2015,8:51:01 AM,21,20.9
6/27/2015,8:51:03 AM,21,20.9
6/27/2015,8:51:05 AM,21,20.9
6/27/2015,8:51:07 AM,21,20.9
6/27/2015,8:51:09 AM,21,20.9
6/27/2015,8:51:11 AM,21,20.9
6/27/2015,8:51:13 AM,21,20.9
6/27/2015,8:51:15 AM,21,20.9
6/27/2015,8:51:17 AM,21,20.9
6/27/2015,8:51:19 AM,21,20.9
6/27/2015,8:51:21 AM,21,20.9
6/27/2015,8:51:23 AM,21,20.9
6/27/2015,8:51:25 AM,21,20.9
6/27/2015,8:51:27 AM,21,20.9
6/27/2015,8:51:29 AM,21,20.9
6/27/2015,8:51:31 AM,21,20.9
6/27/2015,8:51:33 AM,21,20.9
6/27/2015,8:51:35 AM,21,20.9
6/27/2015,8:51:37 AM,21,20.9
6/27/2015,8:51:39 AM,21,20.9
6/27/2015,8:51:41 AM,21,20.9
6/27/2015,8:51:43 AM,21,20.9
6/27/2015,8:51:45 AM,21,20.9
6/27/2015,8:51:47 AM,21,20.9
6/27/2015,8:51:49 AM,21,20.9
6/27/2015,8:51:51 AM,21,20.9
6/27/2015,8:51:53 AM,21,20.9
6/27/2015,8:51:55 AM,21,20.9
6/27/2015,8:51:57 AM,21,20.9
6/27/2015,8:51:59 AM,21,20.9
6/27/2015,8:52:01 AM,21,20.9
6/27/2015,8:52:03 AM,21,20.9
6/27/2015,8:52:05 AM,21,20.9
6/27/2015,8:52:07 AM,21,20.9
6/27/2015,8:52:09 AM,21,20.9
6/27/2015,8:52:11 AM,21,20.9
6/27/2015,8:52:13 AM,21,20.9
6/27/2015,8:52:15 AM,21,20.9
6/27/2015,8:52:17 AM,21,20.9
6/27/2015,8:52:19 AM,21,20.9
6/27/2015,8:52:21 AM,21,20.9
6/27/2015,8:52:23 AM,21,20.9
6/27/2015,8:52:25 AM,21,20.9
6/27/2015,8:52:27 AM,21,20.9
6/27/2015,8:52:29 AM,21,20.9
6/27/2015,8:52:31 AM,21,20.9
6/27/2015,8:52:33 AM,21,20.9
6/27/2015,8:52:35 AM,21,20.9
6/27/2015,8:52:37 AM,21,20.9
6/27/2015,8:52:39 AM,21,20.9
6/27/2015,8:52:41 AM,21,20.9
6/27/2015,8:52:43 AM,21,20.9
6/27/2015,8:52:45 AM,21,20.9
6/27/2015,8:52:47 AM,21,20.9
6/27/2015,8:52:49 AM,21,20.9
6/27/2015,8:52:51 AM,21,20.9
6/27/2015,8:52:53 AM,21,20.9
6/27/2015,8:52:55 AM,21,20.9
6/27/2015,8:52:57 AM,21,20.9
6/27/2015,8:52:59 AM,21,20.9
6/27/2015,8:53:01 AM,21,20.9
6/27/2015,8:53:03 AM,21,20.9
6/27/2015,8:53:05 AM,21,20.9
6/27/2015,8:53:07 AM,21,20.9
6/27/2015,8:53:09 AM,21,20.9
6/27/2015,8:53:11 AM,21,20.9
6/27/2015,8:53:13 AM,21,20.9
6/27/2015,8:53:15 AM,21,20.9
6/27/2015,8:53:17 AM,21,20.9
6/27/2015,8:53:19 AM,21,20.9
6/27/2015,8:53:21 AM,21,20.9
6/27/2015,8:53:23 AM,21,20.9
6/27/2015,8:53:25 AM,21,20.9
6/27/2015,8:53:27 AM,21,20.9
6/27/2015,8:53:29 AM,21,20.9
6/27/2015,8:53:31 AM,21,20.9
6/27/2015,8:53:33 AM,21,20.9
6/27/2015,8:53:35 AM,21,20.9
6/27/2015,8:53:37 AM,21,20.9
6/27/2015,8:53:39 AM,21,20.9
6/27/2015,8:53:41 AM,21,20.9
6/27/2015,8:53:43 AM,21,20.9
6/27/2015,8:53:45 AM,21,20.9
6/27/2015,8:53:47 AM,20,20.9
6/27/2015,8:53:49 AM,20,20.9
6/27/2015,8:53:51 AM,20,20.9
6/27/2015,8:53:53 AM,22,20.9
6/27/2015,8:53:55 AM,22,20.9
6/27/2015,8:53:57 AM,22,21
6/27/2015,8:53:59 AM,21,21
6/27/2015,8:54:01 AM,20,21
6/27/2015,8:54:03 AM,20,21
6/27/2015,8:54:05 AM,22,21
6/27/2015,8:54:07 AM,22,21
6/27/2015,8:54:09 AM,20,21
6/27/2015,8:54:11 AM,21,21
6/27/2015,8:54:13 AM,21,21
6/27/2015,8:54:15 AM,21,21
6/27/2015,8:54:17 AM,21,21
6/27/2015,8:54:19 AM,21,21
6/27/2015,8:54:21 AM,21,21
6/27/2015,8:54:23 AM,21,21
6/27/2015,8:54:25 AM,21,21
6/27/2015,8:54:27 AM,21,21
6/27/2015,8:54:29 AM,21,21
6/27/2015,8:54:31 AM,21,21
6/27/2015,8:54:33 AM,21,21
6/27/2015,8:54:35 AM,21,21
6/27/2015,8:54:37 AM,21,21
6/27/2015,8:54:39 AM,21,21
6/27/2015,8:54:41 AM,21,21
6/27/2015,8:54:43 AM,21,21
6/27/2015,8:54:45 AM,21,21
6/27/2015,8:54:47 AM,21,21
6/27/2015,8:54:49 AM,21,21
6/27/2015,8:54:51 AM,21,21
6/27/2015,8:54:53 AM,21,21
6/27/2015,8:54:55 AM,21,21
6/27/2015,8:54:57 AM,21,21
6/27/2015,8:54:59 AM,21,21
6/27/2015,8:55:01 AM,21,21
6/27/2015,8:55:03 AM,21,21
6/27/2015,8:55:05 AM,21,21
6/27/2015,8:55:07 AM,21,21
6/27/2015,8:55:09 AM,21,21
6/27/2015,8:55:11 AM,21,21
6/27/2015,8:55:13 AM,21,21
6/27/2015,8:55:15 AM,21,21
6/27/2015,8:55:17 AM,22,21
6/27/2015,8:55:19 AM,22,21
6/27/2015,8:55:21 AM,22,21
6/27/2015,8:55:23 AM,21,21
6/27/2015,8:55:25 AM,21,21
6/27/2015,8:55:27 AM,21,21
6/27/2015,8:55:29 AM,21,21
6/27/2015,8:55:31 AM,21,21
6/27/2015,8:55:33 AM,21,21
6/27/2015,8:55:35 AM,21,21
6/27/2015,8:55:37 AM,21,21
6/27/2015,8:55:39 AM,21,21
6/27/2015,8:55:41 AM,21,21
6/27/2015,8:55:43 AM,21,21
6/27/2015,8:55:45 AM,21,21
6/27/2015,8:55:47 AM,21,21
6/27/2015,8:55:49 AM,21,21
6/27/2015,8:55:51 AM,21,21
6/27/2015,8:55:53 AM,21,21
6/27/2015,8:55:55 AM,21,21
6/27/2015,8:55:57 AM,21,21
6/27/2015,8:55:59 AM,21,21
6/27/2015,8:56:01 AM,21,21
6/27/2015,8:56:03 AM,21,21
6/27/2015,8:56:05 AM,21,21
6/27/2015,8:56:07 AM,21,21
6/27/2015,8:56:09 AM,21,21
6/27/2015,8:56:11 AM,21,21
6/27/2015,8:56:13 AM,21,21
6/27/2015,8:56:15 AM,21,21
6/27/2015,8:56:17 AM,21,21.1
6/27/2015,8:56:19 AM,21,21.1
6/27/2015,8:56:21 AM,21,21
6/27/2015,8:56:23 AM,21,21.1
6/27/2015,8:56:25 AM,21,21.1
6/27/2015,8:56:27 AM,21,21.1
6/27/2015,8:56:29 AM,21,21
6/27/2015,8:56:31 AM,21,21.1
6/27/2015,8:56:33 AM,21,21.1
6/27/2015,8:56:35 AM,21,21.1
6/27/2015,8:56:37 AM,21,21.1
6/27/2015,8:56:39 AM,21,21.1
6/27/2015,8:56:41 AM,21,21.1
6/27/2015,8:56:43 AM,21,21.1
6/27/2015,8:56:45 AM,21,21.1
6/27/2015,8:56:47 AM,21,21.1
6/27/2015,8:56:49 AM,21,21.1
6/27/2015,8:56:51 AM,21,21.1
6/27/2015,8:56:53 AM,21,21.1
6/27/2015,8:56:55 AM,21,21.1
6/27/2015,8:56:57 AM,21,21.1
6/27/2015,8:56:59 AM,21,21.1
6/27/2015,8:57:01 AM,21,21.1
6/27/2015,8:57:03 AM,21,21.1
6/27/2015,8:57:05 AM,21,21.1
6/27/2015,8:57:07 AM,21,21.1
6/27/2015,8:57:09 AM,21,21.1
6/27/2015,8:57:11 AM,21,21.1
6/27/2015,8:57:13 AM,21,21.1
6/27/2015,8:57:15 AM,21,21.1
6/27/2015,8:57:17 AM,21,21.1
6/27/2015,8:57:19 AM,21,21.1
6/27/2015,8:57:21 AM,21,21.1
6/27/2015,8:57:23 AM,21,21.1
6/27/2015,8:57:25 AM,21,21.1
6/27/2015,8:57:27 AM,21,21.1
6/27/2015,8:57:29 AM,21,21.1
6/27/2015,8:57:31 AM,21,21.1
6/27/2015,8:57:33 AM,21,21.1
6/27/2015,8:57:35 AM,21,21.1
6/27/2015,8:57:37 AM,21,21.1
6/27/2015,8:57:39 AM,21,21.1
6/27/2015,8:57:41 AM,21,21.1
6/27/2015,8:57:43 AM,21,21.1
6/27/2015,8:57:45 AM,21,21.1
6/27/2015,8:57:47 AM,21,21.1
6/27/2015,8:57:49 AM,21,21.1
6/27/2015,8:57:51 AM,21,21.1
6/27/2015,8:57:53 AM,21,21.1
6/27/2015,8:57:55 AM,21,21.1
6/27/2015,8:57:57 AM,21,21.1
6/27/2015,8:57:59 AM,21,21.1
6/27/2015,8:58:01 AM,21,21.1
6/27/2015,8:58:03 AM,21,21.1
6/27/2015,8:58:05 AM,21,21.1
6/27/2015,8:58:07 AM,21,21.1
6/27/2015,8:58:09 AM,21,21.1
6/27/2015,8:58:11 AM,21,21.1
6/27/2015,8:58:13 AM,21,21.1
6/27/2015,8:58:15 AM,21,21.1
6/27/2015,8:58:17 AM,21,21.1
6/27/2015,8:58:19 AM,21,21.1
6/27/2015,8:58:21 AM,21,21.1
6/27/2015,8:58:23 AM,21,21.1
6/27/2015,8:58:25 AM,21,21.1
6/27/2015,8:58:27 AM,21,21.1
6/27/2015,8:58:29 AM,21,21.1
6/27/2015,8:58:31 AM,21,21.1
6/27/2015,8:58:33 AM,21,21.1
6/27/2015,8:58:35 AM,21,21.1
6/27/2015,8:58:37 AM,21,21.1
6/27/2015,8:58:39 AM,21,21.1
6/27/2015,8:58:41 AM,21,21.1
6/27/2015,8:58:43 AM,21,21.1
6/27/2015,8:58:45 AM,21,21.1
6/27/2015,8:58:47 AM,21,21.1
6/27/2015,8:58:49 AM,21,21.1
6/27/2015,8:58:51 AM,21,21.1
6/27/2015,8:58:53 AM,21,21.1
6/27/2015,8:58:55 AM,21,21.1
6/27/2015,8:58:57 AM,21,21.1
6/27/2015,8:58:59 AM,21,21.1
6/27/2015,8:59:01 AM,21,21.1
6/27/2015,8:59:03 AM,21,21.1
6/27/2015,8:59:05 AM,22,21.1
6/27/2015,8:59:07 AM,22,21.1
6/27/2015,8:59:09 AM,22,21.1
6/27/2015,8:59:11 AM,22,21.1
6/27/2015,8:59:13 AM,22,21.1
6/27/2015,8:59:15 AM,22,21.1
6/27/2015,8:59:17 AM,22,21.1
6/27/2015,8:59:19 AM,22,21.1
6/27/2015,8:59:21 AM,22,21.1
6/27/2015,8:59:23 AM,22,21.1
6/27/2015,8:59:25 AM,22,21.1
6/27/2015,8:59:27 AM,22,21.1
6/27/2015,8:59:29 AM,22,21.1
6/27/2015,8:59:31 AM,22,21.1
6/27/2015,8:59:33 AM,22,21.1
6/27/2015,8:59:35 AM,22,21.1
6/27/2015,8:59:37 AM,22,21.1
6/27/2015,8:59:39 AM,22,21.1
6/27/2015,8:59:41 AM,22,21.1
6/27/2015,8:59:43 AM,22,21.1
6/27/2015,8:59:45 AM,22,21.1
6/27/2015,8:59:47 AM,22,21.1
6/27/2015,8:59:49 AM,22,21.1
6/27/2015,8:59:51 AM,22,21.1
6/27/2015,8:59:53 AM,22,21.1
6/27/2015,8:59:55 AM,22,21.1
6/27/2015,8:59:57 AM,22,21.1
6/27/2015,8:59:59 AM,22,21.1
6/27/2015,9:00:01 AM,22,21.2
6/27/2015,9:00:03 AM,23,21.2
6/27/2015,9:00:05 AM,23,21.1
6/27/2015,9:00:07 AM,23,21.1
6/27/2015,9:00:09 AM,23,21.2
6/27/2015,9:00:11 AM,23,21.2
6/27/2015,9:00:13 AM,23,21.2
6/27/2015,9:00:15 AM,23,21.2
6/27/2015,9:00:17 AM,23,21.2
6/27/2015,9:00:19 AM,22,21.2
6/27/2015,9:00:21 AM,22,21.2
6/27/2015,9:00:23 AM,22,21.2
6/27/2015,9:00:25 AM,22,21.2
6/27/2015,9:00:27 AM,22,21.2
6/27/2015,9:00:29 AM,22,21.2
6/27/2015,9:00:31 AM,22,21.2
6/27/2015,9:00:33 AM,22,21.2
6/27/2015,9:00:35 AM,22,21.2
6/27/2015,9:00:37 AM,22,21.2
6/27/2015,9:00:39 AM,22,21.2
6/27/2015,9:00:41 AM,22,21.2
6/27/2015,9:00:43 AM,22,21.2
6/27/2015,9:00:45 AM,22,21.2
6/27/2015,9:00:47 AM,22,21.2
6/27/2015,9:00:49 AM,22,21.2
6/27/2015,9:00:51 AM,22,21.2
6/27/2015,9:00:53 AM,22,21.2
6/27/2015,9:00:55 AM,22,21.2
6/27/2015,9:00:57 AM,22,21.2
6/27/2015,9:00:59 AM,22,21.2
6/27/2015,9:01:01 AM,22,21.2
6/27/2015,9:01:03 AM,22,21.2
6/27/2015,9:01:05 AM,22,21.2
6/27/2015,9:01:07 AM,22,21.2
6/27/2015,9:01:09 AM,22,21.2
6/27/2015,9:01:11 AM,23,21.2
6/27/2015,9:01:13 AM,23,21.2
6/27/2015,9:01:15 AM,23,21.2
6/27/2015,9:01:17 AM,23,21.2
6/27/2015,9:01:19 AM,23,21.2
6/27/2015,9:01:21 AM,23,21.3
6/27/2015,9:01:23 AM,23,21.3
6/27/2015,9:01:25 AM,23,21.3
6/27/2015,9:01:27 AM,22,21.3
6/27/2015,9:01:29 AM,23,21.3
6/27/2015,9:01:31 AM,23,21.3
6/27/2015,9:01:33 AM,23,21.3
6/27/2015,9:01:35 AM,23,21.3
6/27/2015,9:01:37 AM,23,21.3
6/27/2015,9:01:39 AM,23,21.3
6/27/2015,9:01:41 AM,23,21.3
6/27/2015,9:01:43 AM,23,21.3
6/27/2015,9:01:45 AM,23,21.3
6/27/2015,9:01:47 AM,23,21.3
6/27/2015,9:01:49 AM,23,21.3
6/27/2015,9:01:51 AM,23,21.3
6/27/2015,9:01:53 AM,23,21.3
6/27/2015,9:01:55 AM,23,21.3
6/27/2015,9:01:57 AM,23,21.3
6/27/2015,9:01:59 AM,23,21.3
6/27/2015,9:02:01 AM,23,21.3
6/27/2015,9:02:03 AM,23,21.3
6/27/2015,9:02:05 AM,23,21.3
6/27/2015,9:02:07 AM,23,21.3
6/27/2015,9:02:09 AM,23,21.3
6/27/2015,9:02:11 AM,23,21.3
6/27/2015,9:02:13 AM,23,21.3
6/27/2015,9:02:15 AM,23,21.3
6/27/2015,9:02:17 AM,23,21.3
6/27/2015,9:02:19 AM,23,21.3
6/27/2015,9:02:21 AM,23,21.3
6/27/2015,9:02:23 AM,23,21.3
6/27/2015,9:02:25 AM,23,21.3
6/27/2015,9:02:27 AM,23,21.3
6/27/2015,9:02:29 AM,23,21.3
6/27/2015,9:02:31 AM,23,21.3
6/27/2015,9:02:33 AM,23,21.3
6/27/2015,9:02:35 AM,23,21.3
6/27/2015,9:02:37 AM,23,21.3
6/27/2015,9:02:39 AM,23,21.3
6/27/2015,9:02:41 AM,23,21.3
6/27/2015,9:02:43 AM,23,21.3
6/27/2015,9:02:45 AM,23,21.3
6/27/2015,9:02:47 AM,23,21.3
6/27/2015,9:02:49 AM,23,21.4
6/27/2015,9:02:51 AM,23,21.3
6/27/2015,9:02:53 AM,23,21.3
6/27/2015,9:02:55 AM,23,21.3
6/27/2015,9:02:57 AM,23,21.4
6/27/2015,9:02:59 AM,23,21.3
6/27/2015,9:03:01 AM,22,21.4
6/27/2015,9:03:03 AM,23,21.4
6/27/2015,9:03:05 AM,23,21.4
6/27/2015,9:03:07 AM,23,21.4
6/27/2015,9:03:09 AM,23,21.4
6/27/2015,9:03:11 AM,23,21.4
6/27/2015,9:03:13 AM,23,21.4
6/27/2015,9:03:15 AM,23,21.4
6/27/2015,9:03:17 AM,23,21.4
6/27/2015,9:03:19 AM,23,21.4
6/27/2015,9:03:21 AM,23,21.4
6/27/2015,9:03:23 AM,23,21.4
6/27/2015,9:03:25 AM,23,21.4
6/27/2015,9:03:27 AM,23,21.4
6/27/2015,9:03:29 AM,23,21.4
6/27/2015,9:03:31 AM,23,21.4
6/27/2015,9:03:33 AM,23,21.4
6/27/2015,9:03:35 AM,23,21.4
6/27/2015,9:03:37 AM,23,21.4
6/27/2015,9:03:39 AM,23,21.4
6/27/2015,9:03:41 AM,23,21.4
6/27/2015,9:03:43 AM,23,21.4
6/27/2015,9:03:45 AM,23,21.4
6/27/2015,9:03:47 AM,23,21.4
6/27/2015,9:03:49 AM,23,21.4
6/27/2015,9:03:51 AM,23,21.5
6/27/2015,9:03:53 AM,23,21.5
6/27/2015,9:03:55 AM,23,21.5
6/27/2015,9:03:57 AM,23,21.5
6/27/2015,9:03:59 AM,23,21.5
6/27/2015,9:04:01 AM,23,21.5
6/27/2015,9:04:03 AM,23,21.5
6/27/2015,9:04:05 AM,23,21.5
6/27/2015,9:04:07 AM,23,21.5
6/27/2015,9:04:09 AM,23,21.5
6/27/2015,9:04:11 AM,23,21.5
6/27/2015,9:04:13 AM,23,21.5
6/27/2015,9:04:15 AM,23,21.5
6/27/2015,9:04:17 AM,23,21.5
6/27/2015,9:04:19 AM,24,21.5
6/27/2015,9:04:21 AM,23,21.5
6/27/2015,9:04:23 AM,23,21.5
6/27/2015,9:04:25 AM,24,21.5
6/27/2015,9:04:27 AM,24,21.5
6/27/2015,9:04:29 AM,24,21.5
6/27/2015,9:04:31 AM,24,21.5
6/27/2015,9:04:33 AM,24,21.5
6/27/2015,9:04:35 AM,24,21.5
6/27/2015,9:04:37 AM,24,21.5
6/27/2015,9:04:39 AM,24,21.5
6/27/2015,9:04:41 AM,24,21.5
6/27/2015,9:04:43 AM,24,21.5
6/27/2015,9:04:45 AM,24,21.5
6/27/2015,9:04:47 AM,24,21.5
6/27/2015,9:04:49 AM,24,21.5
6/27/2015,9:04:51 AM,24,21.5
6/27/2015,9:04:53 AM,24,21.5
6/27/2015,9:04:55 AM,24,21.5
6/27/2015,9:04:57 AM,24,21.5
6/27/2015,9:04:59 AM,24,21.5
6/27/2015,9:05:01 AM,24,21.5
6/27/2015,9:05:03 AM,24,21.5
6/27/2015,9:05:05 AM,24,21.6
6/27/2015,9:05:07 AM,24,21.6
6/27/2015,9:05:09 AM,25,21.6
6/27/2015,9:05:11 AM,25,21.6
6/27/2015,9:05:13 AM,25,21.6
6/27/2015,9:05:15 AM,25,21.6
6/27/2015,9:05:17 AM,25,21.6
6/27/2015,9:05:19 AM,26,21.6
6/27/2015,9:05:21 AM,26,21.6
6/27/2015,9:05:23 AM,26,21.6
6/27/2015,9:05:25 AM,26,21.6
6/27/2015,9:05:27 AM,26,21.6
6/27/2015,9:05:29 AM,26,21.6
6/27/2015,9:05:31 AM,26,21.6
6/27/2015,9:05:33 AM,26,21.6
6/27/2015,9:05:35 AM,26,21.7
6/27/2015,9:05:37 AM,26,21.7
6/27/2015,9:05:39 AM,28,21.7
6/27/2015,9:05:41 AM,26,21.7
6/27/2015,9:05:43 AM,26,21.7
6/27/2015,9:05:45 AM,25,21.7
6/27/2015,9:05:47 AM,25,21.8
6/27/2015,9:05:49 AM,25,21.8
6/27/2015,9:05:51 AM,27,21.8
6/27/2015,9:05:53 AM,28,21.8
6/27/2015,9:05:55 AM,28,21.8
6/27/2015,9:05:57 AM,28,21.8
6/27/2015,9:05:59 AM,26,21.8
6/27/2015,9:06:01 AM,25,21.8
6/27/2015,9:06:03 AM,25,21.9
6/27/2015,9:06:05 AM,24,21.9
6/27/2015,9:06:07 AM,23,21.9
6/27/2015,9:06:09 AM,23,21.9
6/27/2015,9:06:11 AM,23,21.9
6/27/2015,9:06:13 AM,22,22
6/27/2015,9:06:15 AM,22,22
6/27/2015,9:06:17 AM,22,22
6/27/2015,9:06:19 AM,22,22
6/27/2015,9:06:21 AM,22,22
6/27/2015,9:06:23 AM,22,22.1
6/27/2015,9:06:25 AM,22,22.1
6/27/2015,9:06:27 AM,22,22.1
6/27/2015,9:06:29 AM,22,22.1
6/27/2015,9:06:31 AM,22,22.1
6/27/2015,9:06:33 AM,22,22.1
6/27/2015,9:06:35 AM,22,22.1
6/27/2015,9:06:37 AM,22,22.1
6/27/2015,9:06:39 AM,22,22.2
6/27/2015,9:06:41 AM,22,22.2
6/27/2015,9:06:43 AM,22,22.2
6/27/2015,9:06:45 AM,23,22.2
6/27/2015,9:06:47 AM,23,22.2
6/27/2015,9:08:13 AM,21,24
6/27/2015,9:08:15 AM,21,24
6/27/2015,9:08:17 AM,21,24
6/27/2015,9:08:19 AM,21,24
6/27/2015,9:08:21 AM,21,24.1
6/27/2015,9:08:23 AM,21,24.1
6/27/2015,9:08:25 AM,21,24.1
6/27/2015,9:08:27 AM,21,24.2
6/27/2015,9:08:29 AM,22,24.2
6/27/2015,9:08:31 AM,22,24.2
6/27/2015,9:08:33 AM,22,24.2
6/27/2015,9:08:35 AM,22,24.3
6/27/2015,9:08:37 AM,22,24.3
6/27/2015,9:08:39 AM,22,24.3
6/27/2015,9:08:41 AM,22,24.3
6/27/2015,9:08:43 AM,22,24.3
6/27/2015,9:08:45 AM,22,24.4
6/27/2015,9:08:47 AM,22,24.4
6/27/2015,9:08:49 AM,22,24.4
6/27/2015,9:08:51 AM,22,24.4
6/27/2015,9:08:53 AM,22,24.4
6/27/2015,9:08:55 AM,22,24.4
6/27/2015,9:08:57 AM,22,24.4
6/27/2015,9:08:59 AM,22,24.4
6/27/2015,9:09:01 AM,22,24.4
6/27/2015,9:09:03 AM,22,24.4
6/27/2015,9:09:05 AM,22,24.4
6/27/2015,9:09:07 AM,22,24.4
6/27/2015,9:09:09 AM,22,24.5
6/27/2015,9:09:11 AM,22,24.5
6/27/2015,9:09:13 AM,22,24.5
6/27/2015,9:09:15 AM,22,24.5
6/27/2015,9:09:17 AM,22,24.5
6/27/2015,9:09:19 AM,22,24.5
6/27/2015,9:09:21 AM,22,24.5
6/27/2015,9:09:23 AM,22,24.5
6/27/2015,9:09:25 AM,22,24.5
6/27/2015,9:09:27 AM,22,24.5
6/27/2015,9:09:29 AM,22,24.5
6/27/2015,9:09:31 AM,22,24.5
6/27/2015,9:09:33 AM,22,24.5
6/27/2015,9:09:35 AM,22,24.5
6/27/2015,9:09:37 AM,22,24.5
6/27/2015,9:09:39 AM,22,24.5
6/27/2015,9:09:41 AM,22,24.5
6/27/2015,9:09:43 AM,22,24.6
6/27/2015,9:09:45 AM,22,24.6
6/27/2015,9:09:47 AM,22,24.6
6/27/2015,9:09:49 AM,22,24.6
6/27/2015,9:09:51 AM,22,24.6
6/27/2015,9:09:53 AM,22,24.6
6/27/2015,9:09:55 AM,22,24.6
6/27/2015,9:09:57 AM,22,24.6
6/27/2015,9:09:59 AM,22,24.6
6/27/2015,9:10:01 AM,22,24.6
6/27/2015,9:10:03 AM,21,24.6
6/27/2015,9:10:05 AM,21,24.6
6/27/2015,9:10:07 AM,21,24.6
6/27/2015,9:10:09 AM,21,24.6
6/27/2015,9:10:11 AM,20,24.6
6/27/2015,9:10:13 AM,20,24.6
6/27/2015,9:10:15 AM,20,24.6
6/27/2015,9:10:17 AM,20,24.6
6/27/2015,9:10:19 AM,21,24.6
6/27/2015,9:10:21 AM,21,24.6
6/27/2015,9:10:23 AM,21,24.6
6/27/2015,9:10:25 AM,21,24.6
6/27/2015,9:10:27 AM,21,24.5
6/27/2015,9:10:29 AM,21,24.5
6/27/2015,9:10:31 AM,21,24.5
6/27/2015,9:10:33 AM,21,24.5
6/27/2015,9:10:35 AM,21,24.5
6/27/2015,9:10:37 AM,20,24.5
6/27/2015,9:10:39 AM,20,24.5
6/27/2015,9:10:41 AM,20,24.5
6/27/2015,9:10:43 AM,20,24.5
6/27/2015,9:10:45 AM,20,24.5
6/27/2015,9:10:47 AM,20,24.5
6/27/2015,9:10:49 AM,20,24.5
6/27/2015,9:10:51 AM,20,24.5
6/27/2015,9:10:53 AM,20,24.5
6/27/2015,9:10:55 AM,20,24.4
6/27/2015,9:10:57 AM,20,24.4
6/27/2015,9:10:59 AM,20,24.4
6/27/2015,9:11:01 AM,20,24.4
6/27/2015,9:11:03 AM,20,24.4
6/27/2015,9:11:05 AM,20,24.4
6/27/2015,9:11:07 AM,20,24.4
6/27/2015,9:11:09 AM,20,24.4
6/27/2015,9:11:11 AM,20,24.4
6/27/2015,9:11:13 AM,20,24.4
6/27/2015,9:11:15 AM,20,24.4
6/27/2015,9:11:17 AM,20,24.4
6/27/2015,9:11:19 AM,20,24.4
6/27/2015,9:11:21 AM,20,24.4
6/27/2015,9:11:23 AM,20,24.3
6/27/2015,9:11:25 AM,20,24.3
6/27/2015,9:11:27 AM,20,24.3
6/27/2015,9:11:29 AM,20,24.3
6/27/2015,9:11:31 AM,20,24.3
6/27/2015,9:11:33 AM,20,24.3
6/27/2015,9:11:35 AM,20,24.3
6/27/2015,9:11:37 AM,20,24.3
6/27/2015,9:11:39 AM,20,24.3
6/27/2015,9:11:41 AM,20,24.3
6/27/2015,9:11:43 AM,20,24.3
6/27/2015,9:11:45 AM,20,24.2
6/27/2015,9:11:47 AM,20,24.2
6/27/2015,9:11:49 AM,20,24.2
6/27/2015,9:11:51 AM,20,24.2
6/27/2015,9:11:53 AM,20,24.2
6/27/2015,9:11:55 AM,20,24.2
6/27/2015,9:11:57 AM,20,24.2
6/27/2015,9:11:59 AM,20,24.2
6/27/2015,9:12:01 AM,20,24.2
6/27/2015,9:12:03 AM,20,24.2
6/27/2015,9:12:05 AM,20,24.1
6/27/2015,9:12:07 AM,20,24.1
6/27/2015,9:12:09 AM,20,24.1
6/27/2015,9:12:11 AM,20,24.1
6/27/2015,9:12:13 AM,20,24.1
6/27/2015,9:12:15 AM,20,24.1
6/27/2015,9:12:17 AM,20,24.1
6/27/2015,9:12:19 AM,20,24.1
6/27/2015,9:12:21 AM,20,24.1
6/27/2015,9:12:23 AM,20,24.1
6/27/2015,9:12:25 AM,20,24.1
6/27/2015,9:12:27 AM,20,24
6/27/2015,9:12:29 AM,20,24
6/27/2015,9:12:31 AM,20,24
6/27/2015,9:12:33 AM,20,24
6/27/2015,9:12:35 AM,20,24
6/27/2015,9:12:37 AM,20,24
6/27/2015,9:12:39 AM,20,24
6/27/2015,9:12:41 AM,20,24
6/27/2015,9:12:43 AM,20,24
6/27/2015,9:12:45 AM,20,24
6/27/2015,9:12:47 AM,20,23.9
6/27/2015,9:12:49 AM,20,23.9
6/27/2015,9:12:51 AM,20,23.9
6/27/2015,9:12:53 AM,20,23.9
6/27/2015,9:12:55 AM,20,23.9
6/27/2015,9:12:57 AM,20,23.9
6/27/2015,9:12:59 AM,20,23.9
6/27/2015,9:13:01 AM,20,23.9
6/27/2015,9:13:03 AM,20,23.9
6/27/2015,9:13:05 AM,20,23.9
6/27/2015,9:13:07 AM,20,23.9
6/27/2015,9:13:09 AM,20,23.9
6/27/2015,9:13:11 AM,20,23.9
6/27/2015,9:13:13 AM,20,23.9
6/27/2015,9:13:15 AM,20,23.8
6/27/2015,9:13:17 AM,20,23.8
6/27/2015,9:13:19 AM,20,23.8
6/27/2015,9:13:21 AM,20,23.8
6/27/2015,9:13:23 AM,20,23.8
6/27/2015,9:13:25 AM,20,23.8
6/27/2015,9:13:27 AM,20,23.8
6/27/2015,9:13:29 AM,20,23.8
6/27/2015,9:13:31 AM,20,23.8
6/27/2015,9:13:33 AM,20,23.8
6/27/2015,9:13:35 AM,20,23.7
6/27/2015,9:13:37 AM,20,23.7
6/27/2015,9:13:39 AM,20,23.7
6/27/2015,9:13:41 AM,20,23.7
6/27/2015,9:13:43 AM,20,23.7
6/27/2015,9:13:45 AM,20,23.7
6/27/2015,9:13:47 AM,20,23.7
6/27/2015,9:13:49 AM,20,23.7
6/27/2015,9:13:51 AM,20,23.7
6/27/2015,9:13:53 AM,20,23.7
6/27/2015,9:13:55 AM,20,23.7
6/27/2015,9:13:57 AM,20,23.7
6/27/2015,9:13:59 AM,20,23.7
6/27/2015,9:14:01 AM,20,23.7
6/27/2015,9:14:03 AM,20,23.7
6/27/2015,9:14:05 AM,20,23.7
6/27/2015,9:14:07 AM,20,23.6
6/27/2015,9:14:09 AM,20,23.6
6/27/2015,9:14:11 AM,20,23.6
6/27/2015,9:14:13 AM,20,23.6
6/27/2015,9:14:15 AM,20,23.6
6/27/2015,9:14:17 AM,20,23.6
6/27/2015,9:14:19 AM,20,23.6
6/27/2015,9:14:21 AM,20,23.6
6/27/2015,9:14:23 AM,20,23.6
6/27/2015,9:14:25 AM,20,23.6
6/27/2015,9:14:27 AM,20,23.6
6/27/2015,9:14:29 AM,20,23.6
6/27/2015,9:14:31 AM,20,23.6
6/27/2015,9:14:33 AM,20,23.5
6/27/2015,9:14:35 AM,20,23.5
6/27/2015,9:14:37 AM,20,23.5
6/27/2015,9:14:39 AM,20,23.5
6/27/2015,9:14:41 AM,20,23.5
6/27/2015,9:14:43 AM,20,23.5
6/27/2015,9:14:45 AM,20,23.5
6/27/2015,9:14:47 AM,20,23.5
6/27/2015,9:14:49 AM,20,23.5
6/27/2015,9:14:51 AM,20,23.5
6/27/2015,9:14:53 AM,20,23.5
6/27/2015,9:14:55 AM,20,23.5
6/27/2015,9:14:57 AM,20,23.5
6/27/2015,9:14:59 AM,20,23.4
6/27/2015,9:15:01 AM,20,23.4
6/27/2015,9:15:03 AM,20,23.4
6/27/2015,9:15:05 AM,20,23.4
6/27/2015,9:15:07 AM,20,23.4
6/27/2015,9:15:09 AM,20,23.4
6/27/2015,9:15:11 AM,20,23.4
6/27/2015,9:15:13 AM,20,23.4
6/27/2015,9:15:15 AM,20,23.4
6/27/2015,9:15:17 AM,20,23.4
6/27/2015,9:15:19 AM,20,23.4
6/27/2015,9:15:21 AM,20,23.4
6/27/2015,9:15:23 AM,20,23.4
6/27/2015,9:15:25 AM,20,23.4
6/27/2015,9:15:27 AM,20,23.4
6/27/2015,9:15:29 AM,20,23.4
6/27/2015,9:15:31 AM,20,23.3
6/27/2015,9:15:33 AM,20,23.3
6/27/2015,9:15:35 AM,20,23.4
6/27/2015,9:15:37 AM,20,23.3
6/27/2015,9:15:39 AM,20,23.3
6/27/2015,9:15:41 AM,20,23.3
6/27/2015,9:15:43 AM,20,23.3
6/27/2015,9:15:45 AM,20,23.3
6/27/2015,9:15:47 AM,20,23.3
6/27/2015,9:15:49 AM,20,23.3
6/27/2015,9:15:51 AM,20,23.3
6/27/2015,9:15:53 AM,20,23.3
6/27/2015,9:15:55 AM,20,23.3
6/27/2015,9:15:57 AM,20,23.3
6/27/2015,9:15:59 AM,20,23.3
6/27/2015,9:16:01 AM,20,23.2
6/27/2015,9:16:03 AM,20,23.2
6/27/2015,9:16:05 AM,20,23.2
6/27/2015,9:16:07 AM,20,23.2
6/27/2015,9:16:09 AM,20,23.2
6/27/2015,9:16:11 AM,20,23.2
6/27/2015,9:16:13 AM,20,23.2
6/27/2015,9:16:15 AM,20,23.2
6/27/2015,9:16:17 AM,20,23.2
6/27/2015,9:16:19 AM,20,23.2
6/27/2015,9:16:21 AM,20,23.2
6/27/2015,9:16:23 AM,20,23.2
6/27/2015,9:16:25 AM,20,23.2
6/27/2015,9:16:27 AM,20,23.2
6/27/2015,9:16:29 AM,20,23.2
6/27/2015,9:16:31 AM,20,23.2
6/27/2015,9:16:33 AM,20,23.2
6/27/2015,9:16:35 AM,20,23.2
6/27/2015,9:16:37 AM,20,23.2
6/27/2015,9:16:39 AM,20,23.1
6/27/2015,9:16:41 AM,20,23.1
6/27/2015,9:16:43 AM,20,23.1
6/27/2015,9:16:45 AM,20,23.1
6/27/2015,9:16:47 AM,20,23.1
6/27/2015,9:16:49 AM,20,23.1
6/27/2015,9:16:51 AM,20,23.1
6/27/2015,9:16:53 AM,20,23.1
6/27/2015,9:16:55 AM,20,23.1
6/27/2015,9:16:57 AM,20,23.1
6/27/2015,9:16:59 AM,20,23.1
6/27/2015,9:17:01 AM,20,23.1
6/27/2015,9:17:03 AM,20,23.1
6/27/2015,9:17:05 AM,20,23.1
6/27/2015,9:17:07 AM,20,23
6/27/2015,9:17:09 AM,20,23
6/27/2015,9:17:11 AM,20,23
6/27/2015,9:17:13 AM,21,23
6/27/2015,9:17:15 AM,21,23
6/27/2015,9:17:17 AM,21,23
6/27/2015,9:17:19 AM,21,23
6/27/2015,9:17:21 AM,21,23
6/27/2015,9:17:23 AM,20,23
6/27/2015,9:17:25 AM,20,23
6/27/2015,9:17:27 AM,20,23
6/27/2015,9:17:29 AM,20,23
6/27/2015,9:17:31 AM,20,23
6/27/2015,9:17:33 AM,20,23
6/27/2015,9:17:35 AM,20,23
6/27/2015,9:17:37 AM,20,23
6/27/2015,9:17:39 AM,20,23
6/27/2015,9:17:41 AM,20,23
6/27/2015,9:17:43 AM,20,23
6/27/2015,9:17:45 AM,20,23
6/27/2015,9:17:47 AM,20,23
6/27/2015,9:17:49 AM,20,23
6/27/2015,9:17:51 AM,20,23
6/27/2015,9:17:53 AM,20,23
6/27/2015,9:17:55 AM,20,22.9
6/27/2015,9:17:57 AM,20,22.9
6/27/2015,9:17:59 AM,20,22.9
6/27/2015,9:18:01 AM,20,22.9
6/27/2015,9:18:03 AM,20,22.9
6/27/2015,9:18:05 AM,20,22.9
6/27/2015,9:18:07 AM,20,22.9
6/27/2015,9:18:09 AM,20,22.9
6/27/2015,9:18:11 AM,20,22.9
6/27/2015,9:18:13 AM,20,22.9
6/27/2015,9:18:15 AM,20,22.9
6/27/2015,9:18:17 AM,20,22.9
6/27/2015,9:18:19 AM,20,22.9
6/27/2015,9:18:21 AM,20,22.9
6/27/2015,9:18:23 AM,20,22.9
6/27/2015,9:18:25 AM,20,22.9
6/27/2015,9:18:27 AM,20,22.9
6/27/2015,9:18:29 AM,20,22.9
6/27/2015,9:18:31 AM,20,22.9
6/27/2015,9:18:33 AM,20,22.9
6/27/2015,9:18:35 AM,20,22.9
6/27/2015,9:18:37 AM,20,22.9
6/27/2015,9:18:39 AM,20,22.9
6/27/2015,9:18:41 AM,20,22.9
6/27/2015,9:18:43 AM,20,22.9
6/27/2015,9:18:45 AM,20,22.9
6/27/2015,9:18:47 AM,20,22.9
6/27/2015,9:18:49 AM,20,22.8
6/27/2015,9:18:51 AM,20,22.8
6/27/2015,9:18:53 AM,20,22.8
6/27/2015,9:18:55 AM,20,22.8
6/27/2015,9:18:57 AM,20,22.8
6/27/2015,9:18:59 AM,20,22.8
6/27/2015,9:19:01 AM,20,22.8
6/27/2015,9:19:03 AM,20,22.8
6/27/2015,9:19:05 AM,20,22.8
6/27/2015,9:19:07 AM,20,22.8
6/27/2015,9:19:09 AM,20,22.8
6/27/2015,9:19:11 AM,20,22.8
6/27/2015,9:19:13 AM,20,22.8
6/27/2015,9:19:15 AM,20,22.8
6/27/2015,9:19:17 AM,20,22.8
6/27/2015,9:19:19 AM,20,22.8
6/27/2015,9:19:21 AM,20,22.7
6/27/2015,9:19:23 AM,20,22.7
6/27/2015,9:19:25 AM,20,22.7
6/27/2015,9:19:27 AM,20,22.7
6/27/2015,9:19:29 AM,20,22.7
6/27/2015,9:19:31 AM,20,22.7
6/27/2015,9:19:33 AM,20,22.7
6/27/2015,9:19:35 AM,20,22.7
6/27/2015,9:19:37 AM,20,22.7
6/27/2015,9:19:39 AM,20,22.7
6/27/2015,9:19:41 AM,20,22.7
6/27/2015,9:19:43 AM,20,22.7
6/27/2015,9:19:45 AM,20,22.7
6/27/2015,9:19:47 AM,20,22.7
6/27/2015,9:19:49 AM,20,22.7
6/27/2015,9:19:51 AM,20,22.7
6/27/2015,9:19:53 AM,20,22.7
6/27/2015,9:19:55 AM,20,22.7
6/27/2015,9:19:57 AM,20,22.7
6/27/2015,9:19:59 AM,20,22.7
6/27/2015,9:20:01 AM,20,22.7
6/27/2015,9:20:03 AM,20,22.7
6/27/2015,9:20:05 AM,20,22.7
6/27/2015,9:20:07 AM,20,22.7
6/27/2015,9:20:09 AM,21,22.7
6/27/2015,9:20:11 AM,21,22.7
6/27/2015,9:20:13 AM,21,22.7
6/27/2015,9:20:15 AM,21,22.7
6/27/2015,9:20:17 AM,21,22.7
6/27/2015,9:20:19 AM,21,22.7
6/27/2015,9:20:21 AM,21,22.7
6/27/2015,9:20:23 AM,21,22.7
6/27/2015,9:20:25 AM,21,22.7
6/27/2015,9:20:27 AM,21,22.7
6/27/2015,9:20:29 AM,21,22.7
6/27/2015,9:20:31 AM,20,22.7
6/27/2015,9:20:33 AM,20,22.6
6/27/2015,9:20:35 AM,20,22.6
6/27/2015,9:20:37 AM,20,22.6
6/27/2015,9:20:39 AM,20,22.6
6/27/2015,9:20:41 AM,20,22.6
6/27/2015,9:20:43 AM,20,22.6
6/27/2015,9:20:45 AM,20,22.6
6/27/2015,9:20:47 AM,20,22.6
6/27/2015,9:20:49 AM,20,22.6
6/27/2015,9:20:51 AM,20,22.6
6/27/2015,9:20:53 AM,20,22.6
6/27/2015,9:20:55 AM,20,22.6
6/27/2015,9:20:57 AM,20,22.6
6/27/2015,9:20:59 AM,20,22.6
6/27/2015,9:21:01 AM,20,22.6
6/27/2015,9:21:03 AM,20,22.6
6/27/2015,9:21:05 AM,20,22.6
6/27/2015,9:21:07 AM,20,22.6
6/27/2015,9:21:09 AM,20,22.6
6/27/2015,9:21:11 AM,20,22.6
6/27/2015,9:21:13 AM,20,22.6
6/27/2015,9:21:15 AM,20,22.6
6/27/2015,9:21:17 AM,20,22.6
6/27/2015,9:21:19 AM,20,22.6
6/27/2015,9:21:21 AM,20,22.5
6/27/2015,9:21:23 AM,20,22.5
6/27/2015,9:21:25 AM,20,22.5
6/27/2015,9:21:27 AM,20,22.5
6/27/2015,9:21:29 AM,20,22.5
6/27/2015,9:21:31 AM,20,22.5
6/27/2015,9:21:33 AM,20,22.5
6/27/2015,9:21:35 AM,20,22.5
6/27/2015,9:21:37 AM,20,22.5
6/27/2015,9:21:39 AM,21,22.5
6/27/2015,9:21:41 AM,21,22.5
6/27/2015,9:21:43 AM,21,22.5
6/27/2015,9:21:45 AM,20,22.5
6/27/2015,9:21:47 AM,20,22.5
6/27/2015,9:21:49 AM,20,22.5
6/27/2015,9:21:51 AM,20,22.5
6/27/2015,9:21:53 AM,20,22.5
6/27/2015,9:21:55 AM,20,22.5
6/27/2015,9:21:57 AM,20,22.5
6/27/2015,9:21:59 AM,20,22.5
6/27/2015,9:22:01 AM,20,22.5
6/27/2015,9:22:03 AM,20,22.5
6/27/2015,9:22:05 AM,20,22.5
6/27/2015,9:22:07 AM,20,22.5
6/27/2015,9:22:09 AM,20,22.5
6/27/2015,9:22:11 AM,20,22.5
6/27/2015,9:22:13 AM,20,22.5
6/27/2015,9:22:15 AM,20,22.5
6/27/2015,9:22:17 AM,20,22.5
6/27/2015,9:22:19 AM,20,22.5
6/27/2015,9:22:21 AM,20,22.5
6/27/2015,9:22:23 AM,20,22.5
6/27/2015,9:22:25 AM,20,22.5
6/27/2015,9:22:27 AM,20,22.5
6/27/2015,9:22:29 AM,20,22.5
6/27/2015,9:22:31 AM,20,22.5
6/27/2015,9:22:33 AM,20,22.5
6/27/2015,9:22:35 AM,20,22.5
6/27/2015,9:22:37 AM,20,22.5
6/27/2015,9:22:39 AM,20,22.5
6/27/2015,9:22:41 AM,21,22.5
6/27/2015,9:22:43 AM,21,22.5
6/27/2015,9:22:45 AM,21,22.5
6/27/2015,9:22:47 AM,21,22.5
6/27/2015,9:22:49 AM,21,22.5
6/27/2015,9:22:51 AM,21,22.4
6/27/2015,9:22:53 AM,20,22.5
6/27/2015,9:22:55 AM,20,22.5
6/27/2015,9:22:57 AM,20,22.4
6/27/2015,9:22:59 AM,20,22.4
6/27/2015,9:23:01 AM,20,22.4
6/27/2015,9:23:03 AM,20,22.4
6/27/2015,9:23:05 AM,20,22.4
6/27/2015,9:23:07 AM,20,22.4
6/27/2015,9:23:09 AM,20,22.4
6/27/2015,9:23:11 AM,20,22.4
6/27/2015,9:23:13 AM,20,22.4
6/27/2015,9:23:15 AM,20,22.4
6/27/2015,9:23:17 AM,20,22.4
6/27/2015,9:23:19 AM,20,22.4
6/27/2015,9:23:21 AM,20,22.4
6/27/2015,9:23:23 AM,20,22.4
6/27/2015,9:23:25 AM,20,22.4
6/27/2015,9:23:27 AM,20,22.4
6/27/2015,9:23:29 AM,20,22.4
6/27/2015,9:23:31 AM,20,22.4
6/27/2015,9:23:33 AM,20,22.4
6/27/2015,9:23:35 AM,20,22.4
6/27/2015,9:23:37 AM,20,22.4
6/27/2015,9:23:39 AM,20,22.3
6/27/2015,9:23:41 AM,20,22.3
6/27/2015,9:23:43 AM,20,22.3
6/27/2015,9:23:45 AM,20,22.3
6/27/2015,9:23:47 AM,20,22.3
6/27/2015,9:23:49 AM,20,22.3
6/27/2015,9:23:51 AM,20,22.3
6/27/2015,9:23:53 AM,20,22.3
6/27/2015,9:23:55 AM,20,22.3
6/27/2015,9:23:57 AM,20,22.3
6/27/2015,9:23:59 AM,20,22.3
6/27/2015,9:24:01 AM,20,22.3
6/27/2015,9:24:03 AM,20,22.3
6/27/2015,9:24:05 AM,20,22.3
6/27/2015,9:24:07 AM,20,22.3
6/27/2015,9:24:09 AM,20,22.3
6/27/2015,9:24:11 AM,20,22.3
6/27/2015,9:24:13 AM,20,22.3
6/27/2015,9:24:15 AM,20,22.3
6/27/2015,9:24:17 AM,20,22.3
6/27/2015,9:24:19 AM,20,22.3
6/27/2015,9:24:21 AM,20,22.3
6/27/2015,9:24:23 AM,20,22.3
6/27/2015,9:24:25 AM,20,22.3
6/27/2015,9:24:27 AM,20,22.3
6/27/2015,9:24:29 AM,20,22.3
6/27/2015,9:24:31 AM,20,22.3
6/27/2015,9:24:33 AM,20,22.3
6/27/2015,9:24:35 AM,20,22.3
6/27/2015,9:24:37 AM,20,22.3
6/27/2015,9:24:39 AM,20,22.3
6/27/2015,9:24:41 AM,20,22.3
6/27/2015,9:24:43 AM,20,22.3
6/27/2015,9:24:45 AM,20,22.3
6/27/2015,9:24:47 AM,20,22.3
6/27/2015,9:24:49 AM,20,22.3
6/27/2015,9:24:51 AM,20,22.3
6/27/2015,9:24:53 AM,20,22.3
6/27/2015,9:24:55 AM,20,22.3
6/27/2015,9:24:57 AM,20,22.3
6/27/2015,9:24:59 AM,20,22.3
6/27/2015,9:25:01 AM,20,22.3
6/27/2015,9:25:03 AM,20,22.2
6/27/2015,9:25:05 AM,20,22.2
6/27/2015,9:25:07 AM,20,22.2
6/27/2015,9:25:09 AM,20,22.2
6/27/2015,9:25:11 AM,20,22.2
6/27/2015,9:25:13 AM,20,22.2
6/27/2015,9:25:15 AM,20,22.2
6/27/2015,9:25:17 AM,20,22.2
6/27/2015,9:25:19 AM,20,22.2
6/27/2015,9:25:21 AM,20,22.2
6/27/2015,9:25:23 AM,20,22.2
6/27/2015,9:25:25 AM,20,22.2
6/27/2015,9:25:27 AM,20,22.2
6/27/2015,9:25:29 AM,20,22.2
6/27/2015,9:25:31 AM,20,22.2
6/27/2015,9:25:33 AM,20,22.2
6/27/2015,9:25:35 AM,20,22.2
6/27/2015,9:25:37 AM,20,22.2
6/27/2015,9:25:39 AM,20,22.2
6/27/2015,9:25:41 AM,20,22.2
6/27/2015,9:25:43 AM,20,22.2
6/27/2015,9:25:45 AM,20,22.2
6/27/2015,9:25:47 AM,20,22.2
6/27/2015,9:25:49 AM,20,22.2
6/27/2015,9:25:51 AM,20,22.2
6/27/2015,9:25:53 AM,20,22.2
6/27/2015,9:25:55 AM,20,22.2
6/27/2015,9:25:57 AM,20,22.2
6/27/2015,9:25:59 AM,20,22.2
6/27/2015,9:26:01 AM,20,22.2
6/27/2015,9:26:03 AM,20,22.2
6/27/2015,9:26:05 AM,20,22.2
6/27/2015,9:26:07 AM,20,22.2
6/27/2015,9:26:09 AM,20,22.2
6/27/2015,9:26:11 AM,20,22.2
6/27/2015,9:26:13 AM,20,22.2
6/27/2015,9:26:15 AM,20,22.2
6/27/2015,9:26:17 AM,20,22.2
6/27/2015,9:26:19 AM,20,22.2
6/27/2015,9:26:21 AM,20,22.2
6/27/2015,9:26:23 AM,20,22.2
6/27/2015,9:26:25 AM,20,22.2
6/27/2015,9:26:27 AM,20,22.2
6/27/2015,9:26:29 AM,20,22.2
6/27/2015,9:26:31 AM,20,22.2
6/27/2015,9:26:33 AM,20,22.2
6/27/2015,9:26:35 AM,20,22.2
6/27/2015,9:26:37 AM,20,22.2
6/27/2015,9:26:39 AM,20,22.2
6/27/2015,9:26:41 AM,20,22.2
6/27/2015,9:26:43 AM,20,22.2
6/27/2015,9:26:45 AM,20,22.2
6/27/2015,9:26:47 AM,20,22.2
6/27/2015,9:26:49 AM,20,22.2
6/27/2015,9:26:51 AM,20,22.2
6/27/2015,9:26:53 AM,20,22.2
6/27/2015,9:26:55 AM,20,22.2
6/27/2015,9:26:57 AM,21,22.2
6/27/2015,9:26:59 AM,21,22.2
6/27/2015,9:27:01 AM,21,22.1
6/27/2015,9:27:03 AM,21,22.1
6/27/2015,9:27:05 AM,20,22.1
6/27/2015,9:27:07 AM,20,22.1
6/27/2015,9:27:09 AM,20,22.1
6/27/2015,9:27:11 AM,20,22.1
6/27/2015,9:27:13 AM,20,22.1
6/27/2015,9:27:15 AM,20,22.1
6/27/2015,9:27:17 AM,20,22.1
6/27/2015,9:27:19 AM,20,22.1
6/27/2015,9:27:21 AM,20,22.1
6/27/2015,9:27:23 AM,20,22.1
6/27/2015,9:27:25 AM,20,22.1
6/27/2015,9:27:27 AM,20,22.1
6/27/2015,9:27:29 AM,20,22.1
6/27/2015,9:27:31 AM,20,22.1
6/27/2015,9:27:33 AM,20,22.1
6/27/2015,9:27:35 AM,20,22.1
6/27/2015,9:27:37 AM,20,22.1
6/27/2015,9:27:39 AM,20,22.1
6/27/2015,9:27:41 AM,20,22.1
6/27/2015,9:27:43 AM,20,22.1
6/27/2015,9:27:45 AM,20,22.1
6/27/2015,9:27:47 AM,20,22.1
6/27/2015,9:27:49 AM,20,22.1
6/27/2015,9:27:51 AM,20,22.1
6/27/2015,9:27:53 AM,20,22.1
6/27/2015,9:27:55 AM,20,22.1
6/27/2015,9:27:57 AM,20,22.1
6/27/2015,9:27:59 AM,20,22.1
6/27/2015,9:28:01 AM,20,22.1
6/27/2015,9:28:03 AM,20,22.1
6/27/2015,9:28:05 AM,20,22.1
6/27/2015,9:28:07 AM,20,22.1
6/27/2015,9:28:09 AM,20,22.1
6/27/2015,9:28:11 AM,20,22.1
6/27/2015,9:28:13 AM,20,22.1
6/27/2015,9:28:15 AM,20,22.1
6/27/2015,9:28:17 AM,20,22
6/27/2015,9:28:19 AM,20,22
6/27/2015,9:28:21 AM,20,22
6/27/2015,9:28:23 AM,20,22
6/27/2015,9:28:25 AM,20,22
6/27/2015,9:28:27 AM,20,22
6/27/2015,9:28:29 AM,20,22
6/27/2015,9:28:31 AM,20,22
6/27/2015,9:28:33 AM,20,22
6/27/2015,9:28:35 AM,20,22
6/27/2015,9:28:37 AM,20,22
6/27/2015,9:28:39 AM,20,22
6/27/2015,9:28:41 AM,21,22
6/27/2015,9:28:43 AM,21,22
6/27/2015,9:28:45 AM,21,22
6/27/2015,9:28:47 AM,22,22.1
6/27/2015,9:28:49 AM,22,22.1
6/27/2015,9:28:51 AM,22,22.1
6/27/2015,9:28:53 AM,22,22.1
6/27/2015,9:28:55 AM,22,22.1
6/27/2015,9:28:57 AM,22,22.1
6/27/2015,9:28:59 AM,22,22.1
6/27/2015,9:29:01 AM,22,22.2
6/27/2015,9:29:03 AM,22,22.2
6/27/2015,9:29:05 AM,22,22.2
6/27/2015,9:29:07 AM,22,22.2
6/27/2015,9:29:09 AM,22,22.3
6/27/2015,9:29:11 AM,22,22.3
6/27/2015,9:29:13 AM,22,22.3
6/27/2015,9:29:15 AM,22,22.4
6/27/2015,9:29:17 AM,22,22.4
6/27/2015,9:29:19 AM,22,22.4
6/27/2015,9:29:21 AM,22,22.4
6/27/2015,9:29:23 AM,22,22.5
6/27/2015,9:29:25 AM,22,22.5
6/27/2015,9:29:27 AM,22,22.5
6/27/2015,9:29:29 AM,22,22.6
6/27/2015,9:29:31 AM,22,22.6
6/27/2015,9:29:33 AM,22,22.6
6/27/2015,9:29:35 AM,22,22.7
6/27/2015,9:29:37 AM,22,22.7
6/27/2015,9:29:39 AM,22,22.7
6/27/2015,9:29:41 AM,22,22.8
6/27/2015,9:29:43 AM,22,22.8
6/27/2015,9:29:45 AM,22,22.9
6/27/2015,9:29:47 AM,22,22.9
6/27/2015,9:29:49 AM,22,22.9
6/27/2015,9:29:51 AM,22,22.9
6/27/2015,9:29:53 AM,22,23
6/27/2015,9:29:55 AM,22,23
6/27/2015,9:29:57 AM,22,23
6/27/2015,9:29:59 AM,22,23
6/27/2015,9:30:01 AM,22,23.1
6/27/2015,9:30:03 AM,22,23.1
6/27/2015,9:30:05 AM,22,23.1
6/27/2015,9:30:07 AM,22,23.1
6/27/2015,9:30:09 AM,22,23.2
6/27/2015,9:30:11 AM,22,23.2
6/27/2015,9:30:13 AM,22,23.2
6/27/2015,9:30:15 AM,22,23.3
6/27/2015,9:30:17 AM,22,23.3
6/27/2015,9:30:19 AM,22,23.3
6/27/2015,9:30:21 AM,22,23.3
6/27/2015,9:30:23 AM,22,23.3
6/27/2015,9:30:25 AM,22,23.3
6/27/2015,9:30:27 AM,22,23.3
6/27/2015,9:30:29 AM,22,23.4
6/27/2015,9:30:31 AM,22,23.4
6/27/2015,9:30:33 AM,22,23.4
6/27/2015,9:30:35 AM,22,23.4
6/27/2015,9:30:37 AM,21,23.4
6/27/2015,9:30:39 AM,20,23.5
6/27/2015,9:30:41 AM,20,23.5
6/27/2015,9:30:43 AM,20,23.5
6/27/2015,9:30:45 AM,21,23.5
6/27/2015,9:30:47 AM,21,23.5
6/27/2015,9:30:49 AM,21,23.5
6/27/2015,9:30:51 AM,21,23.5
6/27/2015,9:30:53 AM,21,23.5
6/27/2015,9:30:55 AM,21,23.5
6/27/2015,9:30:57 AM,21,23.5
6/27/2015,9:30:59 AM,21,23.5
6/27/2015,9:31:01 AM,21,23.5
6/27/2015,9:31:03 AM,21,23.6
6/27/2015,9:31:05 AM,21,23.6
6/27/2015,9:31:07 AM,21,23.6
6/27/2015,9:31:09 AM,21,23.6
6/27/2015,9:31:11 AM,21,23.6
6/27/2015,9:31:13 AM,21,23.6
6/27/2015,9:31:15 AM,21,23.6
6/27/2015,9:31:17 AM,21,23.6
6/27/2015,9:31:19 AM,21,23.7
6/27/2015,9:31:21 AM,21,23.7
6/27/2015,9:31:23 AM,21,23.7
6/27/2015,9:31:25 AM,21,23.7
6/27/2015,9:31:27 AM,21,23.7
6/27/2015,9:31:29 AM,21,23.7
6/27/2015,9:31:31 AM,21,23.7
6/27/2015,9:31:33 AM,21,23.7
6/27/2015,9:31:35 AM,21,23.7
6/27/2015,9:31:37 AM,22,23.7
6/27/2015,9:31:39 AM,22,23.7
6/27/2015,9:31:41 AM,22,23.7
6/27/2015,9:31:43 AM,22,23.7
6/27/2015,9:31:45 AM,22,23.7
6/27/2015,9:31:47 AM,22,23.7
6/27/2015,9:31:49 AM,22,23.8
6/27/2015,9:31:51 AM,22,23.8
6/27/2015,9:31:53 AM,22,23.8
6/27/2015,9:31:55 AM,22,23.8
6/27/2015,9:31:57 AM,22,23.8
6/27/2015,9:31:59 AM,22,23.8
6/27/2015,9:32:01 AM,22,23.8
6/27/2015,9:32:03 AM,22,23.8
6/27/2015,9:32:05 AM,22,23.9
6/27/2015,9:32:07 AM,22,23.9
6/27/2015,9:32:09 AM,22,23.9
6/27/2015,9:32:11 AM,22,23.9
6/27/2015,9:32:13 AM,22,23.9
6/27/2015,9:32:15 AM,21,23.9
6/27/2015,9:32:17 AM,21,23.9
6/27/2015,9:32:19 AM,21,23.9
6/27/2015,9:32:21 AM,21,23.9
6/27/2015,9:32:23 AM,21,23.9
6/27/2015,9:32:25 AM,21,23.9
6/27/2015,9:32:27 AM,21,23.9
6/27/2015,9:32:29 AM,21,23.9
6/27/2015,9:32:31 AM,21,23.9
6/27/2015,9:32:33 AM,21,23.9
6/27/2015,9:32:35 AM,22,23.9
6/27/2015,9:32:37 AM,21,23.9
6/27/2015,9:32:39 AM,21,23.9
6/27/2015,9:32:41 AM,21,23.9
6/27/2015,9:32:43 AM,21,23.9
6/27/2015,9:32:45 AM,21,23.9
6/27/2015,9:32:47 AM,21,23.9
6/27/2015,9:32:49 AM,21,24
6/27/2015,9:32:51 AM,22,24
6/27/2015,9:32:53 AM,22,24
6/27/2015,9:32:55 AM,22,24
6/27/2015,9:32:57 AM,22,24
6/27/2015,9:32:59 AM,22,24
6/27/2015,9:33:01 AM,22,24
6/27/2015,9:33:03 AM,22,24
6/27/2015,9:33:05 AM,22,24
6/27/2015,9:33:07 AM,22,24
6/27/2015,9:33:09 AM,22,24
6/27/2015,9:33:11 AM,22,24
6/27/2015,9:33:13 AM,22,24
6/27/2015,9:33:15 AM,22,24.1
6/27/2015,9:33:17 AM,22,24.1
6/27/2015,9:33:19 AM,22,24.1
6/27/2015,9:33:21 AM,22,24.1
6/27/2015,9:33:23 AM,22,24.1
6/27/2015,9:33:25 AM,22,24.1
6/27/2015,9:33:27 AM,22,24.1
6/27/2015,9:33:29 AM,22,24.1
6/27/2015,9:33:31 AM,22,24.1
6/27/2015,9:33:33 AM,22,24.1
6/27/2015,9:33:35 AM,22,24.1
6/27/2015,9:33:37 AM,22,24.1
6/27/2015,9:33:39 AM,22,24.1
6/27/2015,9:33:41 AM,22,24.1
6/27/2015,9:33:43 AM,22,24.1
6/27/2015,9:33:45 AM,22,24.1
6/27/2015,9:33:47 AM,22,24.2
6/27/2015,9:33:49 AM,22,24.2
6/27/2015,9:33:51 AM,22,24.2
6/27/2015,9:33:53 AM,22,24.2
6/27/2015,9:33:55 AM,22,24.2
6/27/2015,9:33:57 AM,22,24.2
6/27/2015,9:33:59 AM,21,24.2
6/27/2015,9:34:01 AM,21,24.2
6/27/2015,9:34:03 AM,21,24.2
6/27/2015,9:34:05 AM,21,24.2
6/27/2015,9:34:07 AM,21,24.2
6/27/2015,9:34:09 AM,21,24.2
6/27/2015,9:34:11 AM,21,24.2
6/27/2015,9:34:13 AM,21,24.2
6/27/2015,9:34:15 AM,21,24.2
6/27/2015,9:34:17 AM,21,24.2
6/27/2015,9:34:19 AM,21,24.2
6/27/2015,9:34:21 AM,21,24.2
6/27/2015,9:34:23 AM,21,24.2
6/27/2015,9:34:25 AM,21,24.2
6/27/2015,9:34:27 AM,21,24.2
6/27/2015,9:34:29 AM,21,24.2
6/27/2015,9:34:31 AM,21,24.2
6/27/2015,9:34:33 AM,21,24.2
6/27/2015,9:34:35 AM,21,24.2
6/27/2015,9:34:37 AM,21,24.2
6/27/2015,9:34:39 AM,22,24.2
6/27/2015,9:34:41 AM,22,24.2
6/27/2015,9:34:43 AM,22,24.3
6/27/2015,9:34:45 AM,22,24.3
6/27/2015,9:34:47 AM,21,24.3
6/27/2015,9:34:49 AM,21,24.3
6/27/2015,9:34:51 AM,21,24.3
6/27/2015,9:34:53 AM,21,24.3
6/27/2015,9:34:55 AM,21,24.3
6/27/2015,9:34:57 AM,21,24.3
6/27/2015,9:34:59 AM,21,24.3
6/27/2015,9:35:01 AM,21,24.3
6/27/2015,9:35:03 AM,21,24.4
6/27/2015,9:35:05 AM,21,24.3
6/27/2015,9:35:07 AM,21,24.4
6/27/2015,9:35:09 AM,22,24.4
6/27/2015,9:35:11 AM,22,24.4
6/27/2015,9:35:13 AM,22,24.4
6/27/2015,9:35:15 AM,22,24.4
6/27/2015,9:35:17 AM,22,24.4
6/27/2015,9:35:19 AM,22,24.4
6/27/2015,9:35:21 AM,22,24.4
6/27/2015,9:35:23 AM,22,24.4
6/27/2015,9:35:25 AM,22,24.4
6/27/2015,9:35:27 AM,22,24.4
6/27/2015,9:35:29 AM,22,24.4
6/27/2015,9:35:31 AM,22,24.4
6/27/2015,9:35:33 AM,22,24.4
6/27/2015,9:35:35 AM,22,24.4
6/27/2015,9:35:37 AM,22,24.4
6/27/2015,9:35:39 AM,22,24.4
6/27/2015,9:35:41 AM,22,24.4
6/27/2015,9:35:43 AM,22,24.4
6/27/2015,9:35:45 AM,22,24.5
6/27/2015,9:35:47 AM,22,24.5
6/27/2015,9:35:49 AM,22,24.5
6/27/2015,9:35:51 AM,22,24.5
6/27/2015,9:35:53 AM,22,24.5
6/27/2015,9:35:55 AM,22,24.5
6/27/2015,9:35:57 AM,22,24.5
6/27/2015,9:35:59 AM,22,24.5
6/27/2015,9:36:01 AM,22,24.6
6/27/2015,9:36:03 AM,22,24.6
6/27/2015,9:36:05 AM,22,24.6
6/27/2015,9:36:07 AM,22,24.6
6/27/2015,9:36:09 AM,23,24.7
6/27/2015,9:36:11 AM,23,24.7
6/27/2015,9:36:13 AM,23,24.7
6/27/2015,9:36:15 AM,22,24.7
6/27/2015,9:36:17 AM,22,24.8
6/27/2015,9:36:19 AM,22,24.8
6/27/2015,9:36:21 AM,23,24.8
6/27/2015,9:36:23 AM,23,24.8
6/27/2015,9:36:25 AM,23,24.9
6/27/2015,9:36:27 AM,23,24.9
6/27/2015,9:36:29 AM,23,24.9
6/27/2015,9:36:31 AM,23,25
6/27/2015,9:36:33 AM,23,25
6/27/2015,9:36:35 AM,23,25
6/27/2015,9:36:37 AM,23,25.1
6/27/2015,9:36:39 AM,23,25.1
6/27/2015,9:36:41 AM,23,25.1
6/27/2015,9:36:43 AM,23,25.1
6/27/2015,9:36:45 AM,23,25.2
6/27/2015,9:36:47 AM,23,25.2
6/27/2015,9:36:49 AM,23,25.2
6/27/2015,9:36:51 AM,23,25.3
6/27/2015,9:36:53 AM,23,25.3
6/27/2015,9:36:55 AM,23,25.4
6/27/2015,9:36:57 AM,23,25.4
6/27/2015,9:36:59 AM,23,25.4
6/27/2015,9:37:01 AM,23,25.5
6/27/2015,9:37:03 AM,23,25.5
6/27/2015,9:37:05 AM,23,25.5
6/27/2015,9:37:07 AM,23,25.6
6/27/2015,9:37:09 AM,23,25.6
6/27/2015,9:37:11 AM,23,25.6
6/27/2015,9:37:13 AM,23,25.6
6/27/2015,9:37:15 AM,23,25.6
6/27/2015,9:37:17 AM,23,25.7
6/27/2015,9:37:19 AM,23,25.7
6/27/2015,9:37:21 AM,23,25.7
6/27/2015,9:37:23 AM,23,25.7
6/27/2015,9:37:25 AM,23,25.8
6/27/2015,9:37:27 AM,23,25.8
6/27/2015,9:37:29 AM,23,25.8
6/27/2015,9:37:31 AM,23,25.8
6/27/2015,9:37:33 AM,23,25.8
6/27/2015,9:37:35 AM,23,25.8
6/27/2015,9:37:37 AM,23,25.8
6/27/2015,9:37:39 AM,23,25.8
6/27/2015,9:37:41 AM,23,25.8
6/27/2015,9:37:43 AM,23,25.8
6/27/2015,9:37:45 AM,23,25.8
6/27/2015,9:37:47 AM,23,25.8
6/27/2015,9:37:49 AM,23,25.8
6/27/2015,9:37:51 AM,23,25.8
6/27/2015,9:37:53 AM,23,25.8
6/27/2015,9:37:55 AM,23,25.8
6/27/2015,9:37:57 AM,23,25.8
6/27/2015,9:37:59 AM,23,25.8
6/27/2015,9:38:01 AM,23,25.8
6/27/2015,9:38:03 AM,23,25.8
6/27/2015,9:38:05 AM,23,25.8
6/27/2015,9:38:07 AM,23,25.8
6/27/2015,9:38:09 AM,23,25.8
6/27/2015,9:38:11 AM,23,25.8
6/27/2015,9:38:13 AM,23,25.8
6/27/2015,9:38:15 AM,23,25.8
6/27/2015,9:38:17 AM,23,25.8
6/27/2015,9:38:19 AM,23,25.8
6/27/2015,9:38:21 AM,23,25.8
6/27/2015,9:38:23 AM,23,25.8
6/27/2015,9:38:25 AM,23,25.8
6/27/2015,9:38:27 AM,23,25.8
6/27/2015,9:38:29 AM,23,25.8
6/27/2015,9:38:31 AM,23,25.8
6/27/2015,9:38:33 AM,23,25.8
6/27/2015,9:38:35 AM,23,25.8
6/27/2015,9:38:37 AM,22,25.8
6/27/2015,9:38:39 AM,22,25.8
6/27/2015,9:38:41 AM,22,25.8
6/27/2015,9:38:43 AM,22,25.8
6/27/2015,9:38:45 AM,22,25.8
6/27/2015,9:38:47 AM,22,25.8
6/27/2015,9:38:49 AM,23,25.8
6/27/2015,9:38:51 AM,23,25.8
6/27/2015,9:38:53 AM,22,25.8
6/27/2015,9:38:55 AM,22,25.8
6/27/2015,9:38:57 AM,22,25.8
6/27/2015,9:38:59 AM,22,25.7
6/27/2015,9:39:01 AM,22,25.8
6/27/2015,9:39:03 AM,22,25.7
6/27/2015,9:39:05 AM,22,25.7
6/27/2015,9:39:07 AM,23,25.7
6/27/2015,9:39:09 AM,23,25.7
6/27/2015,9:39:11 AM,23,25.7
6/27/2015,9:39:13 AM,23,25.7
6/27/2015,9:39:15 AM,23,25.7
6/27/2015,9:39:17 AM,23,25.7
6/27/2015,9:39:19 AM,23,25.7
6/27/2015,9:39:21 AM,23,25.7
6/27/2015,9:39:23 AM,22,25.7
6/27/2015,9:39:25 AM,22,25.7
6/27/2015,9:39:27 AM,22,25.6
6/27/2015,9:39:29 AM,22,25.6
6/27/2015,9:39:31 AM,22,25.6
6/27/2015,9:39:33 AM,22,25.6
6/27/2015,9:39:35 AM,22,25.6
6/27/2015,9:39:37 AM,23,25.6
6/27/2015,9:39:39 AM,23,25.6
6/27/2015,9:39:41 AM,23,25.6
6/27/2015,9:39:43 AM,22,25.6
6/27/2015,9:39:45 AM,22,25.6
6/27/2015,9:39:47 AM,22,25.6
6/27/2015,9:39:49 AM,22,25.6
6/27/2015,9:39:51 AM,22,25.6
6/27/2015,9:39:53 AM,22,25.6
6/27/2015,9:39:55 AM,22,25.6
6/27/2015,9:39:57 AM,23,25.6
6/27/2015,9:39:59 AM,23,25.6
6/27/2015,9:40:01 AM,23,25.6
6/27/2015,9:40:03 AM,22,25.5
6/27/2015,9:40:05 AM,22,25.5
6/27/2015,9:40:07 AM,22,25.5
6/27/2015,9:40:09 AM,22,25.5
6/27/2015,9:40:11 AM,22,25.5
6/27/2015,9:40:13 AM,22,25.5
6/27/2015,9:40:15 AM,22,25.5
6/27/2015,9:40:17 AM,22,25.5
6/27/2015,9:40:19 AM,22,25.5
6/27/2015,9:40:21 AM,22,25.5
6/27/2015,9:40:23 AM,22,25.5
6/27/2015,9:40:25 AM,22,25.5
6/27/2015,9:40:27 AM,22,25.5
6/27/2015,9:40:29 AM,22,25.5
6/27/2015,9:40:31 AM,22,25.5
6/27/2015,9:40:33 AM,22,25.5
6/27/2015,9:40:35 AM,22,25.5
6/27/2015,9:40:37 AM,22,25.5
6/27/2015,9:40:39 AM,22,25.5
6/27/2015,9:40:41 AM,22,25.5
6/27/2015,9:40:43 AM,22,25.4
6/27/2015,9:40:45 AM,22,25.4
6/27/2015,9:40:47 AM,22,25.4
6/27/2015,9:40:49 AM,22,25.4
6/27/2015,9:40:51 AM,22,25.4
6/27/2015,9:40:53 AM,22,25.4
6/27/2015,9:40:55 AM,22,25.4
6/27/2015,9:40:57 AM,22,25.4
6/27/2015,9:40:59 AM,22,25.4
6/27/2015,9:41:01 AM,22,25.4
6/27/2015,9:41:03 AM,22,25.4
6/27/2015,9:41:05 AM,22,25.4
6/27/2015,9:41:07 AM,22,25.4
6/27/2015,9:41:09 AM,22,25.4
6/27/2015,9:41:11 AM,22,25.4
6/27/2015,9:41:13 AM,22,25.3
6/27/2015,9:41:15 AM,22,25.3
6/27/2015,9:41:17 AM,22,25.3
6/27/2015,9:41:19 AM,22,25.3
6/27/2015,9:41:21 AM,22,25.3
6/27/2015,9:41:23 AM,22,25.3
6/27/2015,9:41:25 AM,22,25.3
6/27/2015,9:41:27 AM,22,25.3
6/27/2015,9:41:29 AM,22,25.3
6/27/2015,9:41:31 AM,22,25.3
6/27/2015,9:41:33 AM,22,25.3
6/27/2015,9:41:35 AM,22,25.3
6/27/2015,9:41:37 AM,22,25.3
6/27/2015,9:41:39 AM,22,25.3
6/27/2015,9:41:41 AM,22,25.3
6/27/2015,9:41:43 AM,22,25.3
6/27/2015,9:41:45 AM,22,25.3
6/27/2015,9:41:47 AM,22,25.3
6/27/2015,9:41:49 AM,22,25.3
6/27/2015,9:41:51 AM,22,25.2
6/27/2015,9:41:53 AM,22,25.2
6/27/2015,9:41:55 AM,22,25.2
6/27/2015,9:41:57 AM,22,25.2
6/27/2015,9:41:59 AM,22,25.2
6/27/2015,9:42:01 AM,22,25.2
6/27/2015,9:42:03 AM,22,25.2
6/27/2015,9:42:05 AM,22,25.2
6/27/2015,9:42:07 AM,22,25.2
6/27/2015,9:42:09 AM,22,25.2
6/27/2015,9:42:11 AM,22,25.2
6/27/2015,9:42:13 AM,22,25.2
6/27/2015,9:42:15 AM,22,25.2
6/27/2015,9:42:17 AM,22,25.1
6/27/2015,9:42:19 AM,22,25.1
6/27/2015,9:42:21 AM,22,25.1
6/27/2015,9:42:23 AM,22,25.1
6/27/2015,9:42:25 AM,22,25.1
6/27/2015,9:42:27 AM,22,25.1
6/27/2015,9:42:29 AM,22,25.1
6/27/2015,9:42:31 AM,22,25.1
6/27/2015,9:42:33 AM,22,25.1
6/27/2015,9:42:35 AM,22,25.1
6/27/2015,9:42:37 AM,22,25.1
6/27/2015,9:42:39 AM,22,25.1
6/27/2015,9:42:41 AM,22,25.1
6/27/2015,9:42:43 AM,22,25.1
6/27/2015,9:42:45 AM,22,25.1
6/27/2015,9:42:47 AM,22,25.1
6/27/2015,9:42:49 AM,22,25
6/27/2015,9:42:51 AM,22,25.1
6/27/2015,9:42:53 AM,22,25.1
6/27/2015,9:42:55 AM,22,25.1
6/27/2015,9:42:57 AM,22,25
6/27/2015,9:42:59 AM,22,25
6/27/2015,9:43:01 AM,22,25
6/27/2015,9:43:03 AM,22,25
6/27/2015,9:43:05 AM,22,25
6/27/2015,9:43:07 AM,22,25
6/27/2015,9:43:09 AM,22,25
6/27/2015,9:43:11 AM,22,25
6/27/2015,9:43:13 AM,22,25
6/27/2015,9:43:15 AM,22,25
6/27/2015,9:43:17 AM,22,25
6/27/2015,9:43:19 AM,22,25
6/27/2015,9:43:21 AM,22,25
6/27/2015,9:43:23 AM,22,25
6/27/2015,9:43:25 AM,22,25
6/27/2015,9:43:27 AM,22,25
6/27/2015,9:43:29 AM,22,25
6/27/2015,9:43:31 AM,22,24.9
6/27/2015,9:43:33 AM,22,24.9
6/27/2015,9:43:35 AM,22,24.9
6/27/2015,9:43:37 AM,22,24.9
6/27/2015,9:43:39 AM,22,24.9
6/27/2015,9:43:41 AM,22,24.9
6/27/2015,9:43:43 AM,22,24.9
6/27/2015,9:43:45 AM,22,24.9
6/27/2015,9:43:47 AM,22,24.9
6/27/2015,9:43:49 AM,22,24.9
6/27/2015,9:43:51 AM,22,24.9
6/27/2015,9:43:53 AM,22,24.9
6/27/2015,9:43:55 AM,22,24.9
6/27/2015,9:43:57 AM,22,24.9
6/27/2015,9:43:59 AM,22,24.9
6/27/2015,9:44:01 AM,22,24.9
6/27/2015,9:44:03 AM,22,24.9
6/27/2015,9:44:05 AM,22,24.9
6/27/2015,9:44:07 AM,22,24.9
6/27/2015,9:44:09 AM,22,24.9
6/27/2015,9:44:11 AM,22,24.9
6/27/2015,9:44:13 AM,22,24.9
6/27/2015,9:44:15 AM,22,24.9
6/27/2015,9:44:17 AM,22,24.9
6/27/2015,9:44:19 AM,22,24.9
6/27/2015,9:44:21 AM,22,24.8
6/27/2015,9:44:23 AM,22,24.8
6/27/2015,9:44:25 AM,22,24.8
6/27/2015,9:44:27 AM,21,24.8
6/27/2015,9:44:29 AM,22,24.8
6/27/2015,9:44:31 AM,22,24.8
6/27/2015,9:44:33 AM,22,24.8
6/27/2015,9:44:35 AM,22,24.8
6/27/2015,9:44:37 AM,22,24.8
6/27/2015,9:44:39 AM,22,24.8
6/27/2015,9:44:41 AM,22,24.8
6/27/2015,9:44:43 AM,22,24.8
6/27/2015,9:44:45 AM,22,24.8
6/27/2015,9:44:47 AM,22,24.8
6/27/2015,9:44:49 AM,22,24.8
6/27/2015,9:44:51 AM,22,24.8
6/27/2015,9:44:53 AM,22,24.8
6/27/2015,9:44:55 AM,22,24.8
6/27/2015,9:44:57 AM,22,24.8
6/27/2015,9:44:59 AM,22,24.8
6/27/2015,9:45:01 AM,22,24.8
6/27/2015,9:45:03 AM,22,24.8
6/27/2015,9:45:05 AM,22,24.8
6/27/2015,9:45:07 AM,22,24.8
6/27/2015,9:45:09 AM,22,24.8
6/27/2015,9:45:11 AM,22,24.8
6/27/2015,9:45:13 AM,22,24.8
6/27/2015,9:45:15 AM,22,24.8
6/27/2015,9:45:17 AM,22,24.7
6/27/2015,9:45:19 AM,22,24.7
6/27/2015,9:45:21 AM,22,24.7
6/27/2015,9:45:23 AM,22,24.7
6/27/2015,9:45:25 AM,22,24.7
6/27/2015,9:45:27 AM,22,24.7
6/27/2015,9:45:29 AM,22,24.7
6/27/2015,9:45:31 AM,22,24.7
6/27/2015,9:45:33 AM,22,24.7
6/27/2015,9:45:35 AM,22,24.7
6/27/2015,9:45:37 AM,22,24.7
6/27/2015,9:45:39 AM,22,24.7
6/27/2015,9:45:41 AM,22,24.7
6/27/2015,9:45:43 AM,22,24.7
6/27/2015,9:45:45 AM,22,24.7
6/27/2015,9:45:47 AM,22,24.7
6/27/2015,9:45:49 AM,22,24.6
6/27/2015,9:45:51 AM,22,24.6
6/27/2015,9:45:53 AM,22,24.7
6/27/2015,9:45:55 AM,22,24.6
6/27/2015,9:45:57 AM,22,24.6
6/27/2015,9:45:59 AM,22,24.6
6/27/2015,9:46:01 AM,22,24.6
6/27/2015,9:46:03 AM,22,24.6
6/27/2015,9:46:05 AM,22,24.6
6/27/2015,9:46:07 AM,22,24.6
6/27/2015,9:46:09 AM,22,24.6
6/27/2015,9:46:11 AM,22,24.6
6/27/2015,9:46:13 AM,22,24.6
6/27/2015,9:46:15 AM,22,24.6
6/27/2015,9:46:17 AM,23,24.6
6/27/2015,9:46:19 AM,22,24.6
6/27/2015,9:46:21 AM,23,24.6
6/27/2015,9:46:23 AM,23,24.6
6/27/2015,9:46:25 AM,23,24.6
6/27/2015,9:46:27 AM,23,24.6
6/27/2015,9:46:29 AM,23,24.6
6/27/2015,9:46:31 AM,23,24.6
6/27/2015,9:46:33 AM,23,24.6
6/27/2015,9:46:35 AM,23,24.6
6/27/2015,9:46:37 AM,23,24.6
6/27/2015,9:46:39 AM,23,24.6
6/27/2015,9:46:41 AM,23,24.6
6/27/2015,9:46:43 AM,23,24.6
6/27/2015,9:46:45 AM,22,24.6
6/27/2015,9:46:47 AM,22,24.6
6/27/2015,9:46:49 AM,22,24.6
6/27/2015,9:46:51 AM,22,24.6
6/27/2015,9:46:53 AM,22,24.6
6/27/2015,9:46:55 AM,22,24.7
6/27/2015,9:46:57 AM,22,24.6
6/27/2015,9:46:59 AM,22,24.6
6/27/2015,9:47:01 AM,22,24.6
6/27/2015,9:47:03 AM,22,24.7
6/27/2015,9:47:05 AM,22,24.6
6/27/2015,9:47:07 AM,22,24.7
6/27/2015,9:47:09 AM,22,24.6
6/27/2015,9:47:11 AM,22,24.7
6/27/2015,9:47:13 AM,22,24.6
6/27/2015,9:47:15 AM,23,24.6
6/27/2015,9:47:17 AM,23,24.6
6/27/2015,9:47:19 AM,23,24.7
6/27/2015,9:47:21 AM,23,24.7
6/27/2015,9:47:23 AM,23,24.7
6/27/2015,9:47:25 AM,23,24.7
6/27/2015,9:47:27 AM,23,24.7
6/27/2015,9:47:29 AM,23,24.7
6/27/2015,9:47:31 AM,23,24.7
6/27/2015,9:47:33 AM,22,24.7
6/27/2015,9:47:35 AM,22,24.7
6/27/2015,9:47:37 AM,22,24.7
6/27/2015,9:47:39 AM,22,24.7
6/27/2015,9:47:41 AM,22,24.7
6/27/2015,9:47:43 AM,22,24.7
6/27/2015,9:47:45 AM,22,24.7
6/27/2015,9:47:47 AM,22,24.7
6/27/2015,9:47:49 AM,22,24.7
6/27/2015,9:47:51 AM,22,24.7
6/27/2015,9:47:53 AM,23,24.7
6/27/2015,9:47:55 AM,23,24.7
6/27/2015,9:47:57 AM,22,24.7
6/27/2015,9:47:59 AM,22,24.7
6/27/2015,9:48:01 AM,22,24.7
6/27/2015,9:48:03 AM,22,24.7
6/27/2015,9:48:05 AM,22,24.7
6/27/2015,9:48:07 AM,23,24.7
6/27/2015,9:48:09 AM,22,24.7
6/27/2015,9:48:11 AM,22,24.7
6/27/2015,9:48:13 AM,22,24.7
6/27/2015,9:48:15 AM,22,24.7
6/27/2015,9:48:17 AM,22,24.7
6/27/2015,9:48:19 AM,22,24.7
6/27/2015,9:48:21 AM,22,24.7
6/27/2015,9:48:23 AM,22,24.7
6/27/2015,9:48:25 AM,22,24.7
6/27/2015,9:48:27 AM,22,24.7
6/27/2015,9:48:29 AM,22,24.6
6/27/2015,9:48:31 AM,22,24.6
6/27/2015,9:48:33 AM,22,24.6
6/27/2015,9:48:35 AM,22,24.6
6/27/2015,9:48:37 AM,22,24.6
6/27/2015,9:48:39 AM,22,24.6
6/27/2015,9:48:41 AM,22,24.6
6/27/2015,9:48:43 AM,22,24.6
6/27/2015,9:48:45 AM,22,24.6
6/27/2015,9:48:47 AM,22,24.6
6/27/2015,9:48:49 AM,22,24.6
6/27/2015,9:48:51 AM,22,24.6
6/27/2015,9:48:53 AM,22,24.6
6/27/2015,9:48:55 AM,22,24.6
6/27/2015,9:48:57 AM,22,24.6
6/27/2015,9:48:59 AM,22,24.6
6/27/2015,9:49:01 AM,22,24.6
6/27/2015,9:49:03 AM,22,24.6
6/27/2015,9:49:05 AM,22,24.6
6/27/2015,9:49:07 AM,22,24.6
6/27/2015,9:49:09 AM,22,24.6
6/27/2015,9:49:11 AM,22,24.6
6/27/2015,9:49:13 AM,22,24.6
6/27/2015,9:49:15 AM,22,24.6
6/27/2015,9:49:17 AM,22,24.6
6/27/2015,9:49:19 AM,22,24.6
6/27/2015,9:49:21 AM,22,24.6
6/27/2015,9:49:23 AM,22,24.6
6/27/2015,9:49:25 AM,22,24.6
6/27/2015,9:49:27 AM,22,24.6
6/27/2015,9:49:29 AM,22,24.6
6/27/2015,9:49:31 AM,22,24.6
6/27/2015,9:49:33 AM,22,24.6
6/27/2015,9:49:35 AM,22,24.6
6/27/2015,9:49:37 AM,22,24.6
6/27/2015,9:49:39 AM,22,24.6
6/27/2015,9:49:41 AM,22,24.6
6/27/2015,9:49:43 AM,22,24.5
6/27/2015,9:49:45 AM,22,24.5
6/27/2015,9:49:47 AM,22,24.5
6/27/2015,9:49:49 AM,22,24.5
6/27/2015,9:49:51 AM,22,24.5
6/27/2015,9:49:53 AM,22,24.5
6/27/2015,9:49:55 AM,22,24.5
6/27/2015,9:49:57 AM,22,24.5
6/27/2015,9:49:59 AM,22,24.5
6/27/2015,9:50:01 AM,22,24.5
6/27/2015,9:50:03 AM,22,24.5
6/27/2015,9:50:05 AM,22,24.5
6/27/2015,9:50:07 AM,22,24.5
6/27/2015,9:50:09 AM,22,24.5
6/27/2015,9:50:11 AM,22,24.5
6/27/2015,9:50:13 AM,22,24.5
6/27/2015,9:50:15 AM,22,24.5
6/27/2015,9:50:17 AM,22,24.5
6/27/2015,9:50:19 AM,22,24.5
6/27/2015,9:50:21 AM,22,24.5
6/27/2015,9:50:23 AM,22,24.5
6/27/2015,9:50:25 AM,22,24.5
6/27/2015,9:50:27 AM,22,24.4
6/27/2015,9:50:29 AM,22,24.4
6/27/2015,9:50:31 AM,22,24.4
6/27/2015,9:50:33 AM,22,24.4
6/27/2015,9:50:35 AM,22,24.4
6/27/2015,9:50:37 AM,22,24.4
6/27/2015,9:50:39 AM,22,24.4
6/27/2015,9:50:41 AM,22,24.4
6/27/2015,9:50:43 AM,23,24.4
6/27/2015,9:50:45 AM,23,24.4
6/27/2015,9:50:47 AM,22,24.4
6/27/2015,9:50:49 AM,22,24.4
6/27/2015,9:50:51 AM,22,24.4
6/27/2015,9:50:53 AM,22,24.4
6/27/2015,9:50:55 AM,22,24.4
6/27/2015,9:50:57 AM,22,24.4
6/27/2015,9:50:59 AM,22,24.4
6/27/2015,9:51:01 AM,22,24.4
6/27/2015,9:51:03 AM,22,24.4
6/27/2015,9:51:05 AM,22,24.4
6/27/2015,9:51:07 AM,22,24.4
6/27/2015,9:51:09 AM,22,24.4
6/27/2015,9:51:11 AM,22,24.4
6/27/2015,9:51:13 AM,22,24.4
6/27/2015,9:51:15 AM,22,24.4
6/27/2015,9:51:17 AM,22,24.4
6/27/2015,9:51:19 AM,22,24.4
6/27/2015,9:51:21 AM,22,24.4
6/27/2015,9:51:23 AM,22,24.4
6/27/2015,9:51:25 AM,22,24.4
6/27/2015,9:51:27 AM,22,24.4
6/27/2015,9:51:29 AM,22,24.4
6/27/2015,9:51:31 AM,22,24.4
6/27/2015,9:51:33 AM,22,24.4
6/27/2015,9:51:35 AM,22,24.4
6/27/2015,9:51:37 AM,22,24.4
6/27/2015,9:51:39 AM,22,24.4
6/27/2015,9:51:41 AM,22,24.4
6/27/2015,9:51:43 AM,22,24.4
6/27/2015,9:51:45 AM,22,24.4
6/27/2015,9:51:47 AM,22,24.4
6/27/2015,9:51:49 AM,23,24.4
6/27/2015,9:51:51 AM,22,24.3
6/27/2015,9:51:53 AM,22,24.3
6/27/2015,9:51:55 AM,22,24.3
6/27/2015,9:51:57 AM,22,24.3
6/27/2015,9:51:59 AM,22,24.3
6/27/2015,9:52:01 AM,22,24.3
6/27/2015,9:52:03 AM,23,24.3
6/27/2015,9:52:05 AM,23,24.3
6/27/2015,9:52:07 AM,23,24.3
6/27/2015,9:52:09 AM,23,24.3
6/27/2015,9:52:11 AM,23,24.3
6/27/2015,9:52:13 AM,23,24.3
6/27/2015,9:52:15 AM,22,24.3
6/27/2015,9:52:17 AM,22,24.3
6/27/2015,9:52:19 AM,23,24.3
6/27/2015,9:52:21 AM,23,24.3
6/27/2015,9:52:23 AM,22,24.3
6/27/2015,9:52:25 AM,22,24.3
6/27/2015,9:52:27 AM,22,24.3
6/27/2015,9:52:29 AM,22,24.3
6/27/2015,9:52:31 AM,22,24.3
6/27/2015,9:52:33 AM,22,24.3
6/27/2015,9:52:35 AM,22,24.3
6/27/2015,9:52:37 AM,22,24.3
6/27/2015,9:52:39 AM,22,24.3
6/27/2015,9:52:41 AM,23,24.3
6/27/2015,9:52:43 AM,23,24.3
6/27/2015,9:52:45 AM,23,24.3
6/27/2015,9:52:47 AM,23,24.2
6/27/2015,9:52:49 AM,23,24.2
6/27/2015,9:52:51 AM,23,24.2
6/27/2015,9:52:53 AM,23,24.2
6/27/2015,9:52:55 AM,22,24.2
6/27/2015,9:52:57 AM,23,24.2
6/27/2015,9:52:59 AM,22,24.2
6/27/2015,9:53:01 AM,22,24.2
6/27/2015,9:53:03 AM,22,24.2
6/27/2015,9:53:05 AM,22,24.2
6/27/2015,9:53:07 AM,22,24.2
6/27/2015,9:53:09 AM,22,24.2
6/27/2015,9:53:11 AM,22,24.2
6/27/2015,9:53:13 AM,22,24.2
6/27/2015,9:53:15 AM,22,24.2
6/27/2015,9:53:17 AM,23,24.2
6/27/2015,9:53:19 AM,23,24.2
6/27/2015,9:53:21 AM,23,24.2
6/27/2015,9:53:23 AM,22,24.2
6/27/2015,9:53:25 AM,22,24.2
6/27/2015,9:53:27 AM,22,24.2
6/27/2015,9:53:29 AM,22,24.2
6/27/2015,9:53:31 AM,23,24.2
6/27/2015,9:53:33 AM,23,24.2
6/27/2015,9:53:35 AM,22,24.2
6/27/2015,9:53:37 AM,22,24.2
6/27/2015,9:53:39 AM,22,24.2
6/27/2015,9:53:41 AM,22,24.2
6/27/2015,9:53:43 AM,23,24.2
6/27/2015,9:53:45 AM,23,24.2
6/27/2015,9:53:47 AM,23,24.2
6/27/2015,9:53:49 AM,23,24.2
6/27/2015,9:53:51 AM,23,24.2
6/27/2015,9:53:53 AM,23,24.2
6/27/2015,9:53:55 AM,23,24.2
6/27/2015,9:53:57 AM,23,24.2
6/27/2015,9:53:59 AM,23,24.2
6/27/2015,9:54:01 AM,23,24.2
6/27/2015,9:54:03 AM,23,24.2
6/27/2015,9:54:05 AM,23,24.2
6/27/2015,9:54:07 AM,23,24.2
6/27/2015,9:54:09 AM,22,24.2
6/27/2015,9:54:11 AM,22,24.2
6/27/2015,9:54:13 AM,22,24.2
6/27/2015,9:54:15 AM,22,24.2
6/27/2015,9:54:17 AM,22,24.2
6/27/2015,9:54:19 AM,22,24.2
6/27/2015,9:54:21 AM,22,24.2
6/27/2015,9:54:23 AM,22,24.2
6/27/2015,9:54:25 AM,22,24.2
6/27/2015,9:54:27 AM,22,24.2
6/27/2015,9:54:29 AM,22,24.2
6/27/2015,9:54:31 AM,22,24.2
6/27/2015,9:54:33 AM,22,24.2
6/27/2015,9:54:35 AM,23,24.2
6/27/2015,9:54:37 AM,22,24.2
6/27/2015,9:54:39 AM,22,24.2
6/27/2015,9:54:41 AM,22,24.1
6/27/2015,9:54:43 AM,22,24.1
6/27/2015,9:54:45 AM,22,24.2
6/27/2015,9:54:47 AM,22,24.1
6/27/2015,9:54:49 AM,22,24.1
6/27/2015,9:54:51 AM,22,24.1
6/27/2015,9:54:53 AM,22,24.1
6/27/2015,9:54:55 AM,22,24.1
6/27/2015,9:54:57 AM,22,24.1
6/27/2015,9:54:59 AM,22,24.1
6/27/2015,9:55:01 AM,22,24.1
6/27/2015,9:55:03 AM,22,24.1
