File ID,3,,
Transmitter Address,2,,
Thermocouple Type,K,,
Start Time,"Sunday, June 14, 2015 9:35:27 AM",,
Interval (seconds),2,,
Number of Records,2242,,
Units (degrees),C,,
Battery Voltage,1.703,,
,,,
Date,Time,Process,Ambient
6/14/2015,9:35:27 AM,25,27.3
6/14/2015,9:35:29 AM,25,27.3
6/14/2015,9:35:31 AM,25,27.3
6/14/2015,9:35:33 AM,25,27.4
6/14/2015,9:35:35 AM,25,27.4
6/14/2015,9:35:37 AM,25,27.4
6/14/2015,9:35:39 AM,25,27.4
6/14/2015,9:35:41 AM,25,27.4
6/14/2015,9:35:43 AM,25,27.4
6/14/2015,9:35:45 AM,25,27.4
6/14/2015,9:35:47 AM,25,27.4
6/14/2015,9:35:49 AM,25,27.4
6/14/2015,9:35:51 AM,25,27.4
6/14/2015,9:35:53 AM,25,27.3
6/14/2015,9:35:55 AM,26,27.4
6/14/2015,9:35:57 AM,26,27.4
6/14/2015,9:35:59 AM,26,27.3
6/14/2015,9:36:01 AM,27,27.4
6/14/2015,9:36:03 AM,27,27.4
6/14/2015,9:36:05 AM,26,27.4
6/14/2015,9:36:07 AM,27,27.4
6/14/2015,9:36:09 AM,27,27.4
6/14/2015,9:36:11 AM,27,27.4
6/14/2015,9:36:13 AM,27,27.4
6/14/2015,9:36:15 AM,27,27.4
6/14/2015,9:36:17 AM,27,27.4
6/14/2015,9:36:19 AM,26,27.3
6/14/2015,9:36:21 AM,25,27.3
6/14/2015,9:36:23 AM,26,27.3
6/14/2015,9:36:25 AM,25,27.4
6/14/2015,9:36:27 AM,26,27.4
6/14/2015,9:36:29 AM,26,27.4
6/14/2015,9:36:31 AM,26,27.3
6/14/2015,9:36:33 AM,26,27.3
6/14/2015,9:36:35 AM,26,27.3
6/14/2015,9:36:37 AM,26,27.3
6/14/2015,9:36:39 AM,26,27.3
6/14/2015,9:36:41 AM,26,27.3
6/14/2015,9:36:43 AM,26,27.3
6/14/2015,9:36:45 AM,26,27.3
6/14/2015,9:36:47 AM,26,27.3
6/14/2015,9:36:49 AM,26,27.2
6/14/2015,9:36:51 AM,24,27.3
6/14/2015,9:36:53 AM,25,27.3
6/14/2015,9:36:55 AM,25,27.3
6/14/2015,9:36:57 AM,25,27.2
6/14/2015,9:36:59 AM,26,27.2
6/14/2015,9:37:01 AM,26,27.2
6/14/2015,9:37:03 AM,26,27.2
6/14/2015,9:37:05 AM,26,27.2
6/14/2015,9:37:07 AM,26,27.2
6/14/2015,9:37:09 AM,26,27.2
6/14/2015,9:37:11 AM,26,27.2
6/14/2015,9:37:13 AM,26,27.2
6/14/2015,9:37:15 AM,26,27.2
6/14/2015,9:37:17 AM,26,27.2
6/14/2015,9:37:19 AM,26,27.2
6/14/2015,9:37:21 AM,26,27.2
6/14/2015,9:37:23 AM,26,27.2
6/14/2015,9:37:25 AM,26,27.2
6/14/2015,9:37:27 AM,26,27.2
6/14/2015,9:37:29 AM,25,27.2
6/14/2015,9:37:31 AM,25,27.1
6/14/2015,9:37:33 AM,25,27.1
6/14/2015,9:37:35 AM,25,27.1
6/14/2015,9:37:37 AM,25,27.1
6/14/2015,9:37:39 AM,25,27.1
6/14/2015,9:37:41 AM,25,27.1
6/14/2015,9:37:43 AM,25,27.1
6/14/2015,9:37:45 AM,25,27.1
6/14/2015,9:37:47 AM,25,27.1
6/14/2015,9:37:49 AM,25,27
6/14/2015,9:37:51 AM,25,27
6/14/2015,9:37:53 AM,25,27
6/14/2015,9:37:55 AM,26,27
6/14/2015,9:37:57 AM,26,27
6/14/2015,9:37:59 AM,26,27
6/14/2015,9:38:01 AM,26,27
6/14/2015,9:38:03 AM,26,27
6/14/2015,9:38:05 AM,26,27
6/14/2015,9:38:07 AM,26,27
6/14/2015,9:38:09 AM,26,27
6/14/2015,9:38:11 AM,25,27
6/14/2015,9:38:13 AM,25,26.9
6/14/2015,9:38:15 AM,25,27
6/14/2015,9:38:17 AM,25,27
6/14/2015,9:38:19 AM,25,27
6/14/2015,9:38:21 AM,25,27
6/14/2015,9:38:23 AM,25,26.9
6/14/2015,9:38:25 AM,25,26.9
6/14/2015,9:38:27 AM,25,26.9
6/14/2015,9:38:29 AM,25,26.9
6/14/2015,9:38:31 AM,25,26.9
6/14/2015,9:38:33 AM,25,26.9
6/14/2015,9:38:35 AM,25,26.9
6/14/2015,9:38:37 AM,25,26.9
6/14/2015,9:38:39 AM,25,26.9
6/14/2015,9:38:41 AM,25,26.9
6/14/2015,9:38:43 AM,25,26.9
6/14/2015,9:38:45 AM,25,26.9
6/14/2015,9:38:47 AM,25,26.8
6/14/2015,9:38:49 AM,25,26.8
6/14/2015,9:38:51 AM,25,26.8
6/14/2015,9:38:53 AM,25,26.8
6/14/2015,9:38:55 AM,25,26.8
6/14/2015,9:38:57 AM,25,26.8
6/14/2015,9:38:59 AM,25,26.8
6/14/2015,9:39:01 AM,25,26.8
6/14/2015,9:39:03 AM,26,26.8
6/14/2015,9:39:05 AM,26,26.8
6/14/2015,9:39:07 AM,26,26.8
6/14/2015,9:39:09 AM,25,26.7
6/14/2015,9:39:11 AM,26,26.7
6/14/2015,9:39:13 AM,26,26.8
6/14/2015,9:39:15 AM,26,26.8
6/14/2015,9:39:17 AM,26,26.8
6/14/2015,9:39:19 AM,26,26.8
6/14/2015,9:39:21 AM,26,26.8
6/14/2015,9:39:23 AM,25,26.7
6/14/2015,9:39:25 AM,25,26.7
6/14/2015,9:39:27 AM,26,26.7
6/14/2015,9:39:29 AM,25,26.7
6/14/2015,9:39:31 AM,25,26.7
6/14/2015,9:39:33 AM,25,26.7
6/14/2015,9:39:35 AM,25,26.7
6/14/2015,9:39:37 AM,25,26.7
6/14/2015,9:39:39 AM,25,26.7
6/14/2015,9:39:41 AM,25,26.7
6/14/2015,9:39:43 AM,26,26.7
6/14/2015,9:39:45 AM,26,26.7
6/14/2015,9:39:47 AM,26,26.7
6/14/2015,9:39:49 AM,26,26.7
6/14/2015,9:39:51 AM,25,26.7
6/14/2015,9:39:53 AM,25,26.6
6/14/2015,9:39:55 AM,24,26.6
6/14/2015,9:39:57 AM,26,26.7
6/14/2015,9:39:59 AM,25,26.6
6/14/2015,9:40:01 AM,25,26.6
6/14/2015,9:40:03 AM,25,26.6
6/14/2015,9:40:05 AM,25,26.6
6/14/2015,9:40:07 AM,21,26.6
6/14/2015,9:40:09 AM,24,26.6
6/14/2015,9:40:11 AM,24,26.6
6/14/2015,9:40:13 AM,25,26.6
6/14/2015,9:40:15 AM,26,26.6
6/14/2015,9:40:17 AM,26,26.6
6/14/2015,9:40:19 AM,26,26.6
6/14/2015,9:40:21 AM,26,26.6
6/14/2015,9:40:23 AM,26,26.5
6/14/2015,9:40:25 AM,26,26.5
6/14/2015,9:40:27 AM,25,26.5
6/14/2015,9:40:29 AM,25,26.5
6/14/2015,9:40:31 AM,25,26.5
6/14/2015,9:40:33 AM,25,26.5
6/14/2015,9:40:35 AM,25,26.5
6/14/2015,9:40:37 AM,25,26.5
6/14/2015,9:40:39 AM,25,26.5
6/14/2015,9:40:41 AM,25,26.5
6/14/2015,9:40:43 AM,25,26.5
6/14/2015,9:40:45 AM,25,26.5
6/14/2015,9:40:47 AM,25,26.5
6/14/2015,9:40:49 AM,25,26.5
6/14/2015,9:40:51 AM,25,26.5
6/14/2015,9:40:53 AM,25,26.5
6/14/2015,9:40:55 AM,25,26.5
6/14/2015,9:40:57 AM,25,26.5
6/14/2015,9:40:59 AM,25,26.4
6/14/2015,9:41:01 AM,25,26.4
6/14/2015,9:41:03 AM,25,26.4
6/14/2015,9:41:05 AM,25,26.4
6/14/2015,9:41:07 AM,25,26.4
6/14/2015,9:41:09 AM,25,26.4
6/14/2015,9:41:11 AM,25,26.4
6/14/2015,9:41:13 AM,25,26.4
6/14/2015,9:41:15 AM,25,26.4
6/14/2015,9:41:17 AM,25,26.4
6/14/2015,9:41:19 AM,25,26.4
6/14/2015,9:41:21 AM,25,26.4
6/14/2015,9:41:23 AM,25,26.4
6/14/2015,9:41:25 AM,25,26.4
6/14/2015,9:41:27 AM,25,26.4
6/14/2015,9:41:29 AM,25,26.3
6/14/2015,9:41:31 AM,25,26.3
6/14/2015,9:41:33 AM,25,26.3
6/14/2015,9:41:35 AM,25,26.3
6/14/2015,9:41:37 AM,25,26.3
6/14/2015,9:41:39 AM,23,26.3
6/14/2015,9:41:41 AM,25,26.3
6/14/2015,9:41:43 AM,25,26.3
6/14/2015,9:41:45 AM,24,26.3
6/14/2015,9:41:47 AM,25,26.3
6/14/2015,9:41:49 AM,25,26.3
6/14/2015,9:41:51 AM,25,26.3
6/14/2015,9:41:53 AM,25,26.3
6/14/2015,9:41:55 AM,24,26.3
6/14/2015,9:41:57 AM,25,26.3
6/14/2015,9:41:59 AM,22,26.3
6/14/2015,9:42:01 AM,25,26.2
6/14/2015,9:42:03 AM,24,26.3
6/14/2015,9:42:05 AM,23,26.3
6/14/2015,9:42:07 AM,26,26.3
6/14/2015,9:42:09 AM,24,26.2
6/14/2015,9:42:11 AM,26,26.3
6/14/2015,9:42:13 AM,24,26.3
6/14/2015,9:42:15 AM,25,26.3
6/14/2015,9:42:17 AM,25,26.3
6/14/2015,9:42:19 AM,25,26.3
6/14/2015,9:42:21 AM,22,26.3
6/14/2015,9:42:23 AM,24,26.3
6/14/2015,9:42:25 AM,26,26.2
6/14/2015,9:42:27 AM,26,26.2
6/14/2015,9:42:29 AM,26,26.2
6/14/2015,9:42:31 AM,23,26.2
6/14/2015,9:42:33 AM,25,26.2
6/14/2015,9:42:35 AM,25,26.2
6/14/2015,9:42:37 AM,25,26.2
6/14/2015,9:42:39 AM,23,26.2
6/14/2015,9:42:41 AM,24,26.2
6/14/2015,9:42:43 AM,25,26.2
6/14/2015,9:42:45 AM,25,26.2
6/14/2015,9:42:47 AM,25,26.2
6/14/2015,9:42:49 AM,25,26.2
6/14/2015,9:42:51 AM,25,26.2
6/14/2015,9:42:53 AM,21,26.2
6/14/2015,9:42:55 AM,25,26.2
6/14/2015,9:42:57 AM,23,26.2
6/14/2015,9:42:59 AM,24,26.1
6/14/2015,9:43:01 AM,24,26.1
6/14/2015,9:43:03 AM,24,26.1
6/14/2015,9:43:05 AM,24,26.1
6/14/2015,9:43:07 AM,24,26.1
6/14/2015,9:43:09 AM,25,26.1
6/14/2015,9:43:11 AM,25,26.1
6/14/2015,9:43:13 AM,25,26.1
6/14/2015,9:43:15 AM,24,26.1
6/14/2015,9:43:17 AM,25,26.1
6/14/2015,9:43:19 AM,22,26.1
6/14/2015,9:43:21 AM,23,26.1
6/14/2015,9:43:23 AM,24,26.1
6/14/2015,9:43:25 AM,21,26.1
6/14/2015,9:43:27 AM,25,26.1
6/14/2015,9:43:29 AM,25,26.1
6/14/2015,9:43:31 AM,24,26.1
6/14/2015,9:43:33 AM,24,26.1
6/14/2015,9:43:35 AM,23,26.1
6/14/2015,9:43:37 AM,25,26.1
6/14/2015,9:43:39 AM,25,26.1
6/14/2015,9:43:41 AM,25,26.1
6/14/2015,9:43:43 AM,25,26.1
6/14/2015,9:43:45 AM,24,26.1
6/14/2015,9:43:47 AM,24,26.1
6/14/2015,9:43:49 AM,22,26.1
6/14/2015,9:43:51 AM,24,26.1
6/14/2015,9:43:53 AM,25,26.1
6/14/2015,9:43:55 AM,25,26.1
6/14/2015,9:43:57 AM,25,26.1
6/14/2015,9:43:59 AM,25,26
6/14/2015,9:44:01 AM,21,26
6/14/2015,9:44:03 AM,25,26
6/14/2015,9:44:05 AM,24,26
6/14/2015,9:44:07 AM,24,26
6/14/2015,9:44:09 AM,24,26
6/14/2015,9:44:11 AM,24,26.1
6/14/2015,9:44:13 AM,21,26
6/14/2015,9:44:15 AM,24,26
6/14/2015,9:44:17 AM,24,26
6/14/2015,9:44:19 AM,25,26
6/14/2015,9:44:21 AM,25,26
6/14/2015,9:44:23 AM,22,26
6/14/2015,9:44:25 AM,22,26
6/14/2015,9:44:27 AM,26,26
6/14/2015,9:44:29 AM,26,26
6/14/2015,9:44:31 AM,24,26
6/14/2015,9:44:33 AM,25,26
6/14/2015,9:44:35 AM,25,26
6/14/2015,9:44:37 AM,24,26
6/14/2015,9:44:39 AM,25,26
6/14/2015,9:44:41 AM,21,26
6/14/2015,9:44:43 AM,25,26
6/14/2015,9:44:45 AM,26,26
6/14/2015,9:44:47 AM,26,26
6/14/2015,9:44:49 AM,23,26
6/14/2015,9:44:51 AM,25,26
6/14/2015,9:44:53 AM,25,26
6/14/2015,9:44:55 AM,25,26
6/14/2015,9:44:57 AM,25,26
6/14/2015,9:44:59 AM,24,26
6/14/2015,9:45:01 AM,25,26
6/14/2015,9:45:03 AM,25,26
6/14/2015,9:45:05 AM,25,26
6/14/2015,9:45:07 AM,25,26
6/14/2015,9:45:09 AM,25,26
6/14/2015,9:45:11 AM,22,26
6/14/2015,9:45:13 AM,25,25.9
6/14/2015,9:45:15 AM,22,25.9
6/14/2015,9:45:17 AM,24,25.9
6/14/2015,9:45:19 AM,25,25.9
6/14/2015,9:45:21 AM,24,25.9
6/14/2015,9:45:23 AM,26,25.9
6/14/2015,9:45:25 AM,26,25.9
6/14/2015,9:45:27 AM,21,25.9
6/14/2015,9:45:29 AM,25,25.9
6/14/2015,9:45:31 AM,25,25.9
6/14/2015,9:45:33 AM,23,25.9
6/14/2015,9:45:35 AM,26,25.9
6/14/2015,9:45:37 AM,26,25.9
6/14/2015,9:45:39 AM,26,25.9
6/14/2015,9:45:41 AM,25,25.9
6/14/2015,9:45:43 AM,25,25.9
6/14/2015,9:45:45 AM,22,25.9
6/14/2015,9:45:47 AM,25,25.9
6/14/2015,9:45:49 AM,25,25.9
6/14/2015,9:45:51 AM,23,25.9
6/14/2015,9:45:53 AM,26,25.9
6/14/2015,9:45:55 AM,23,25.9
6/14/2015,9:45:57 AM,23,25.9
6/14/2015,9:45:59 AM,25,25.9
6/14/2015,9:46:01 AM,23,25.8
6/14/2015,9:46:03 AM,25,25.8
6/14/2015,9:46:05 AM,25,25.8
6/14/2015,9:46:07 AM,25,25.8
6/14/2015,9:46:09 AM,25,25.8
6/14/2015,9:46:11 AM,25,25.8
6/14/2015,9:46:13 AM,23,25.8
6/14/2015,9:46:15 AM,22,25.8
6/14/2015,9:46:17 AM,22,25.8
6/14/2015,9:46:19 AM,25,25.8
6/14/2015,9:46:21 AM,24,25.8
6/14/2015,9:46:23 AM,23,25.8
6/14/2015,9:46:25 AM,25,25.8
6/14/2015,9:46:27 AM,22,25.8
6/14/2015,9:46:29 AM,21,25.8
6/14/2015,9:46:31 AM,23,25.8
6/14/2015,9:46:33 AM,23,25.8
6/14/2015,9:46:35 AM,24,25.8
6/14/2015,9:46:37 AM,25,25.8
6/14/2015,9:46:39 AM,26,25.8
6/14/2015,9:46:41 AM,21,25.8
6/14/2015,9:46:43 AM,24,25.8
6/14/2015,9:46:45 AM,26,25.8
6/14/2015,9:46:47 AM,26,25.8
6/14/2015,9:46:49 AM,21,25.8
6/14/2015,9:46:51 AM,25,25.7
6/14/2015,9:46:53 AM,22,25.8
6/14/2015,9:46:55 AM,25,25.7
6/14/2015,9:46:57 AM,25,25.8
6/14/2015,9:46:59 AM,25,25.7
6/14/2015,9:47:01 AM,25,25.7
6/14/2015,9:47:03 AM,25,25.8
6/14/2015,9:47:05 AM,23,25.8
6/14/2015,9:47:07 AM,23,25.8
6/14/2015,9:47:09 AM,25,25.7
6/14/2015,9:47:11 AM,26,25.8
6/14/2015,9:47:13 AM,26,25.8
6/14/2015,9:47:15 AM,24,25.7
6/14/2015,9:47:17 AM,22,25.7
6/14/2015,9:47:19 AM,22,25.7
6/14/2015,9:47:21 AM,25,25.8
6/14/2015,9:47:23 AM,23,25.8
6/14/2015,9:47:25 AM,25,25.8
6/14/2015,9:47:27 AM,23,25.8
6/14/2015,9:47:29 AM,24,25.8
6/14/2015,9:47:31 AM,24,25.8
6/14/2015,9:47:33 AM,24,25.7
6/14/2015,9:47:35 AM,24,25.7
6/14/2015,9:47:37 AM,24,25.7
6/14/2015,9:47:39 AM,25,25.7
6/14/2015,9:47:41 AM,23,25.7
6/14/2015,9:47:43 AM,22,25.7
6/14/2015,9:47:45 AM,25,25.7
6/14/2015,9:47:47 AM,25,25.7
6/14/2015,9:47:49 AM,25,25.7
6/14/2015,9:47:51 AM,25,25.7
6/14/2015,9:47:53 AM,25,25.7
6/14/2015,9:47:55 AM,25,25.7
6/14/2015,9:47:57 AM,25,25.7
6/14/2015,9:47:59 AM,23,25.7
6/14/2015,9:48:01 AM,25,25.7
6/14/2015,9:48:03 AM,25,25.7
6/14/2015,9:48:05 AM,25,25.7
6/14/2015,9:48:07 AM,21,25.7
6/14/2015,9:48:09 AM,25,25.7
6/14/2015,9:48:11 AM,25,25.7
6/14/2015,9:48:13 AM,22,25.7
6/14/2015,9:48:15 AM,25,25.7
6/14/2015,9:48:17 AM,25,25.7
6/14/2015,9:48:19 AM,25,25.7
6/14/2015,9:48:21 AM,23,25.7
6/14/2015,9:48:23 AM,21,25.7
6/14/2015,9:48:25 AM,25,25.7
6/14/2015,9:48:27 AM,22,25.7
6/14/2015,9:48:29 AM,25,25.7
6/14/2015,9:48:31 AM,25,25.7
6/14/2015,9:48:33 AM,23,25.7
6/14/2015,9:48:35 AM,26,25.7
6/14/2015,9:48:37 AM,24,25.7
6/14/2015,9:48:39 AM,24,25.7
6/14/2015,9:48:41 AM,24,25.6
6/14/2015,9:48:43 AM,23,25.6
6/14/2015,9:48:45 AM,25,25.6
6/14/2015,9:48:47 AM,25,25.6
6/14/2015,9:48:49 AM,25,25.6
6/14/2015,9:48:51 AM,25,25.6
6/14/2015,9:48:53 AM,21,25.6
6/14/2015,9:48:55 AM,25,25.6
6/14/2015,9:48:57 AM,25,25.6
6/14/2015,9:48:59 AM,24,25.6
6/14/2015,9:49:01 AM,25,25.6
6/14/2015,9:49:03 AM,25,25.6
6/14/2015,9:49:05 AM,25,25.6
6/14/2015,9:49:07 AM,25,25.6
6/14/2015,9:49:09 AM,25,25.6
6/14/2015,9:49:11 AM,25,25.6
6/14/2015,9:49:13 AM,23,25.6
6/14/2015,9:49:15 AM,22,25.6
6/14/2015,9:49:17 AM,25,25.6
6/14/2015,9:49:19 AM,22,25.6
6/14/2015,9:49:21 AM,25,25.6
6/14/2015,9:49:23 AM,24,25.6
6/14/2015,9:49:25 AM,22,25.6
6/14/2015,9:49:27 AM,25,25.6
6/14/2015,9:49:29 AM,24,25.6
6/14/2015,9:49:31 AM,25,25.6
6/14/2015,9:49:33 AM,25,25.6
6/14/2015,9:49:35 AM,25,25.6
6/14/2015,9:49:37 AM,21,25.6
6/14/2015,9:49:39 AM,23,25.6
6/14/2015,9:49:41 AM,26,25.6
6/14/2015,9:49:43 AM,26,25.6
6/14/2015,9:49:45 AM,22,25.6
6/14/2015,9:49:47 AM,24,25.6
6/14/2015,9:49:49 AM,24,25.6
6/14/2015,9:49:51 AM,25,25.6
6/14/2015,9:49:53 AM,21,25.6
6/14/2015,9:49:55 AM,25,25.6
6/14/2015,9:49:57 AM,26,25.6
6/14/2015,9:49:59 AM,24,25.5
6/14/2015,9:50:01 AM,25,25.6
6/14/2015,9:50:03 AM,21,25.6
6/14/2015,9:50:05 AM,25,25.6
6/14/2015,9:50:07 AM,23,25.6
6/14/2015,9:50:09 AM,25,25.6
6/14/2015,9:50:11 AM,23,25.5
6/14/2015,9:50:13 AM,24,25.6
6/14/2015,9:50:15 AM,25,25.6
6/14/2015,9:50:17 AM,25,25.6
6/14/2015,9:50:19 AM,23,25.6
6/14/2015,9:50:21 AM,24,25.6
6/14/2015,9:50:23 AM,21,25.6
6/14/2015,9:50:25 AM,26,25.5
6/14/2015,9:50:27 AM,25,25.6
6/14/2015,9:50:29 AM,25,25.5
6/14/2015,9:50:31 AM,24,25.5
6/14/2015,9:50:33 AM,24,25.5
6/14/2015,9:50:35 AM,22,25.5
6/14/2015,9:50:37 AM,22,25.5
6/14/2015,9:50:39 AM,24,25.5
6/14/2015,9:50:41 AM,21,25.5
6/14/2015,9:50:43 AM,26,25.5
6/14/2015,9:50:45 AM,22,25.5
6/14/2015,9:50:47 AM,25,25.5
6/14/2015,9:50:49 AM,25,25.5
6/14/2015,9:50:51 AM,25,25.5
6/14/2015,9:50:53 AM,25,25.5
6/14/2015,9:50:55 AM,25,25.5
6/14/2015,9:50:57 AM,25,25.5
6/14/2015,9:50:59 AM,25,25.5
6/14/2015,9:51:01 AM,23,25.5
6/14/2015,9:51:03 AM,23,25.5
6/14/2015,9:51:05 AM,25,25.5
6/14/2015,9:51:07 AM,25,25.5
6/14/2015,9:51:09 AM,24,25.5
6/14/2015,9:51:11 AM,24,25.5
6/14/2015,9:51:13 AM,25,25.5
6/14/2015,9:51:15 AM,25,25.5
6/14/2015,9:51:17 AM,25,25.5
6/14/2015,9:51:19 AM,25,25.5
6/14/2015,9:51:21 AM,22,25.5
6/14/2015,9:51:23 AM,23,25.5
6/14/2015,9:51:25 AM,26,25.5
6/14/2015,9:51:27 AM,25,25.5
6/14/2015,9:51:29 AM,25,25.5
6/14/2015,9:51:31 AM,21,25.5
6/14/2015,9:51:33 AM,25,25.5
6/14/2015,9:51:35 AM,23,25.5
6/14/2015,9:51:37 AM,26,25.5
6/14/2015,9:51:39 AM,25,25.5
6/14/2015,9:51:41 AM,24,25.5
6/14/2015,9:51:43 AM,25,25.5
6/14/2015,9:51:45 AM,23,25.5
6/14/2015,9:51:47 AM,26,25.5
6/14/2015,9:51:49 AM,23,25.5
6/14/2015,9:51:51 AM,25,25.4
6/14/2015,9:51:53 AM,25,25.5
6/14/2015,9:51:55 AM,25,25.4
6/14/2015,9:51:57 AM,26,25.5
6/14/2015,9:51:59 AM,26,25.4
6/14/2015,9:52:01 AM,26,25.4
6/14/2015,9:52:03 AM,25,25.4
6/14/2015,9:52:05 AM,25,25.5
6/14/2015,9:52:07 AM,26,25.5
6/14/2015,9:52:09 AM,24,25.5
6/14/2015,9:52:11 AM,24,25.4
6/14/2015,9:52:13 AM,22,25.4
6/14/2015,9:52:15 AM,25,25.4
6/14/2015,9:52:17 AM,23,25.4
6/14/2015,9:52:19 AM,25,25.5
6/14/2015,9:52:21 AM,25,25.5
6/14/2015,9:52:23 AM,25,25.4
6/14/2015,9:52:25 AM,24,25.4
6/14/2015,9:52:27 AM,26,25.4
6/14/2015,9:52:29 AM,22,25.4
6/14/2015,9:52:31 AM,25,25.4
6/14/2015,9:52:33 AM,24,25.4
6/14/2015,9:52:35 AM,21,25.4
6/14/2015,9:52:37 AM,22,25.4
6/14/2015,9:52:39 AM,23,25.4
6/14/2015,9:52:41 AM,25,25.4
6/14/2015,9:52:43 AM,25,25.5
6/14/2015,9:52:45 AM,25,25.5
6/14/2015,9:52:47 AM,24,25.5
6/14/2015,9:52:49 AM,25,25.5
6/14/2015,9:52:51 AM,24,25.5
6/14/2015,9:52:53 AM,23,25.5
6/14/2015,9:52:55 AM,24,25.5
6/14/2015,9:52:57 AM,26,25.5
6/14/2015,9:52:59 AM,26,25.4
6/14/2015,9:53:01 AM,25,25.4
6/14/2015,9:53:03 AM,25,25.4
6/14/2015,9:53:05 AM,25,25.4
6/14/2015,9:53:07 AM,25,25.5
6/14/2015,9:53:09 AM,24,25.5
6/14/2015,9:53:11 AM,24,25.5
6/14/2015,9:53:13 AM,25,25.4
6/14/2015,9:53:15 AM,24,25.4
6/14/2015,9:53:17 AM,25,25.4
6/14/2015,9:53:19 AM,26,25.4
6/14/2015,9:53:21 AM,26,25.4
6/14/2015,9:53:23 AM,26,25.4
6/14/2015,9:53:25 AM,25,25.4
6/14/2015,9:53:27 AM,25,25.4
6/14/2015,9:53:29 AM,25,25.4
6/14/2015,9:53:31 AM,25,25.4
6/14/2015,9:53:33 AM,25,25.4
6/14/2015,9:53:35 AM,25,25.4
6/14/2015,9:53:37 AM,25,25.4
6/14/2015,9:53:39 AM,24,25.4
6/14/2015,9:53:41 AM,26,25.4
6/14/2015,9:53:43 AM,22,25.3
6/14/2015,9:53:45 AM,25,25.4
6/14/2015,9:53:47 AM,25,25.4
6/14/2015,9:53:49 AM,24,25.4
6/14/2015,9:53:51 AM,25,25.4
6/14/2015,9:53:53 AM,25,25.4
6/14/2015,9:53:55 AM,25,25.4
6/14/2015,9:53:57 AM,25,25.4
6/14/2015,9:53:59 AM,25,25.4
6/14/2015,9:54:01 AM,25,25.4
6/14/2015,9:54:03 AM,24,25.4
6/14/2015,9:54:05 AM,24,25.4
6/14/2015,9:54:07 AM,21,25.4
6/14/2015,9:54:09 AM,26,25.4
6/14/2015,9:54:11 AM,23,25.4
6/14/2015,9:54:13 AM,23,25.4
6/14/2015,9:54:15 AM,26,25.4
6/14/2015,9:54:17 AM,25,25.4
6/14/2015,9:54:19 AM,23,25.4
6/14/2015,9:54:21 AM,25,25.4
6/14/2015,9:54:23 AM,25,25.4
6/14/2015,9:54:25 AM,26,25.4
6/14/2015,9:54:27 AM,26,25.4
6/14/2015,9:54:29 AM,23,25.4
6/14/2015,9:54:31 AM,26,25.4
6/14/2015,9:54:33 AM,23,25.4
6/14/2015,9:54:35 AM,23,25.4
6/14/2015,9:54:37 AM,26,25.3
6/14/2015,9:54:39 AM,25,25.4
6/14/2015,9:54:41 AM,25,25.4
6/14/2015,9:54:43 AM,25,25.4
6/14/2015,9:54:45 AM,25,25.3
6/14/2015,9:54:47 AM,25,25.3
6/14/2015,9:54:49 AM,24,25.4
6/14/2015,9:54:51 AM,26,25.4
6/14/2015,9:54:53 AM,26,25.4
6/14/2015,9:54:55 AM,25,25.4
6/14/2015,9:54:57 AM,22,25.4
6/14/2015,9:54:59 AM,25,25.4
6/14/2015,9:55:01 AM,24,25.3
6/14/2015,9:55:03 AM,21,25.4
6/14/2015,9:55:05 AM,24,25.4
6/14/2015,9:55:07 AM,24,25.4
6/14/2015,9:55:09 AM,26,25.4
6/14/2015,9:55:11 AM,26,25.4
6/14/2015,9:55:13 AM,24,25.3
6/14/2015,9:55:15 AM,24,25.4
6/14/2015,9:55:17 AM,26,25.4
6/14/2015,9:55:19 AM,24,25.4
6/14/2015,9:55:21 AM,26,25.4
6/14/2015,9:55:23 AM,26,25.4
6/14/2015,9:55:25 AM,26,25.4
6/14/2015,9:55:27 AM,24,25.4
6/14/2015,9:55:29 AM,25,25.4
6/14/2015,9:55:31 AM,25,25.4
6/14/2015,9:55:33 AM,26,25.4
6/14/2015,9:55:35 AM,26,25.4
6/14/2015,9:55:37 AM,24,25.3
6/14/2015,9:55:39 AM,26,25.3
6/14/2015,9:55:41 AM,24,25.3
6/14/2015,9:55:43 AM,26,25.3
6/14/2015,9:55:45 AM,22,25.3
6/14/2015,9:55:47 AM,26,25.3
6/14/2015,9:55:49 AM,26,25.3
6/14/2015,9:55:51 AM,24,25.3
6/14/2015,9:55:53 AM,26,25.3
6/14/2015,9:55:55 AM,26,25.3
6/14/2015,9:55:57 AM,25,25.3
6/14/2015,9:55:59 AM,25,25.3
6/14/2015,9:56:01 AM,22,25.3
6/14/2015,9:56:03 AM,25,25.3
6/14/2015,9:56:05 AM,25,25.3
6/14/2015,9:56:07 AM,25,25.3
6/14/2015,9:56:09 AM,25,25.3
6/14/2015,9:56:11 AM,26,25.3
6/14/2015,9:56:13 AM,25,25.3
6/14/2015,9:56:15 AM,26,25.3
6/14/2015,9:56:17 AM,26,25.3
6/14/2015,9:56:19 AM,26,25.3
6/14/2015,9:56:21 AM,26,25.3
6/14/2015,9:56:23 AM,26,25.3
6/14/2015,9:56:25 AM,26,25.3
6/14/2015,9:56:27 AM,26,25.3
6/14/2015,9:56:29 AM,23,25.3
6/14/2015,9:56:31 AM,25,25.3
6/14/2015,9:56:33 AM,25,25.3
6/14/2015,9:56:35 AM,25,25.3
6/14/2015,9:56:37 AM,23,25.3
6/14/2015,9:56:39 AM,25,25.3
6/14/2015,9:56:41 AM,24,25.3
6/14/2015,9:56:43 AM,24,25.3
6/14/2015,9:56:45 AM,25,25.3
6/14/2015,9:56:47 AM,26,25.3
6/14/2015,9:56:49 AM,24,25.3
6/14/2015,9:56:51 AM,25,25.3
6/14/2015,9:56:53 AM,25,25.3
6/14/2015,9:56:55 AM,24,25.3
6/14/2015,9:56:57 AM,24,25.3
6/14/2015,9:56:59 AM,24,25.3
6/14/2015,9:57:01 AM,24,25.3
6/14/2015,9:57:03 AM,22,25.3
6/14/2015,9:57:05 AM,22,25.3
6/14/2015,9:57:07 AM,24,25.3
6/14/2015,9:57:09 AM,26,25.3
6/14/2015,9:57:11 AM,26,25.3
6/14/2015,9:57:13 AM,26,25.3
6/14/2015,9:57:15 AM,26,25.3
6/14/2015,9:57:17 AM,26,25.3
6/14/2015,9:57:19 AM,26,25.3
6/14/2015,9:57:21 AM,24,25.3
6/14/2015,9:57:23 AM,24,25.3
6/14/2015,9:57:25 AM,25,25.3
6/14/2015,9:57:27 AM,23,25.3
6/14/2015,9:57:29 AM,26,25.3
6/14/2015,9:57:31 AM,24,25.3
6/14/2015,9:57:33 AM,24,25.3
6/14/2015,9:57:35 AM,26,25.3
6/14/2015,9:57:37 AM,21,25.3
6/14/2015,9:57:39 AM,22,25.3
6/14/2015,9:57:41 AM,26,25.3
6/14/2015,9:57:43 AM,26,25.3
6/14/2015,9:57:45 AM,26,25.3
6/14/2015,9:57:47 AM,26,25.3
6/14/2015,9:57:49 AM,25,25.3
6/14/2015,9:57:51 AM,26,25.3
6/14/2015,9:57:53 AM,25,25.3
6/14/2015,9:57:55 AM,25,25.3
6/14/2015,9:57:57 AM,25,25.3
6/14/2015,9:57:59 AM,25,25.3
6/14/2015,9:58:01 AM,26,25.3
6/14/2015,9:58:03 AM,25,25.3
6/14/2015,9:58:05 AM,25,25.3
6/14/2015,9:58:07 AM,25,25.3
6/14/2015,9:58:09 AM,26,25.3
6/14/2015,9:58:11 AM,26,25.3
6/14/2015,9:58:13 AM,23,25.3
6/14/2015,9:58:15 AM,25,25.3
6/14/2015,9:58:17 AM,25,25.3
6/14/2015,9:58:19 AM,25,25.3
6/14/2015,9:58:21 AM,25,25.3
6/14/2015,9:58:23 AM,25,25.3
6/14/2015,9:58:25 AM,25,25.3
6/14/2015,9:58:27 AM,24,25.3
6/14/2015,9:58:29 AM,23,25.3
6/14/2015,9:58:31 AM,26,25.3
6/14/2015,9:58:33 AM,26,25.3
6/14/2015,9:58:35 AM,26,25.3
6/14/2015,9:58:37 AM,26,25.3
6/14/2015,9:58:39 AM,22,25.3
6/14/2015,9:58:41 AM,22,25.3
6/14/2015,9:58:43 AM,22,25.3
6/14/2015,9:58:45 AM,25,25.3
6/14/2015,9:58:47 AM,25,25.2
6/14/2015,9:58:49 AM,25,25.3
6/14/2015,9:58:51 AM,24,25.3
6/14/2015,9:58:53 AM,22,25.3
6/14/2015,9:58:55 AM,25,25.2
6/14/2015,9:58:57 AM,22,25.3
6/14/2015,9:58:59 AM,25,25.2
6/14/2015,9:59:01 AM,25,25.3
6/14/2015,9:59:03 AM,25,25.3
6/14/2015,9:59:05 AM,25,25.3
6/14/2015,9:59:07 AM,24,25.3
6/14/2015,9:59:09 AM,26,25.3
6/14/2015,9:59:11 AM,26,25.3
6/14/2015,9:59:13 AM,26,25.3
6/14/2015,9:59:15 AM,26,25.3
6/14/2015,9:59:17 AM,24,25.3
6/14/2015,9:59:19 AM,25,25.2
6/14/2015,9:59:21 AM,23,25.3
6/14/2015,9:59:23 AM,25,25.3
6/14/2015,9:59:25 AM,24,25.3
6/14/2015,9:59:27 AM,26,25.3
6/14/2015,9:59:29 AM,26,25.3
6/14/2015,9:59:31 AM,25,25.2
6/14/2015,9:59:33 AM,25,25.2
6/14/2015,9:59:35 AM,25,25.2
6/14/2015,9:59:37 AM,26,25.3
6/14/2015,9:59:39 AM,26,25.3
6/14/2015,9:59:41 AM,26,25.3
6/14/2015,9:59:43 AM,26,25.3
6/14/2015,9:59:45 AM,25,25.3
6/14/2015,9:59:47 AM,22,25.2
6/14/2015,9:59:49 AM,26,25.2
6/14/2015,9:59:51 AM,26,25.2
6/14/2015,9:59:53 AM,22,25.2
6/14/2015,9:59:55 AM,25,25.3
6/14/2015,9:59:57 AM,25,25.3
6/14/2015,9:59:59 AM,25,25.2
6/14/2015,10:00:01 AM,26,25.2
6/14/2015,10:00:03 AM,22,25.2
6/14/2015,10:00:05 AM,26,25.3
6/14/2015,10:00:07 AM,25,25.3
6/14/2015,10:00:09 AM,25,25.3
6/14/2015,10:00:11 AM,26,25.3
6/14/2015,10:00:13 AM,26,25.3
6/14/2015,10:00:15 AM,26,25.2
6/14/2015,10:00:17 AM,26,25.2
6/14/2015,10:00:19 AM,26,25.2
6/14/2015,10:00:21 AM,26,25.2
6/14/2015,10:00:23 AM,26,25.3
6/14/2015,10:00:25 AM,21,25.3
6/14/2015,10:00:27 AM,26,25.2
6/14/2015,10:00:29 AM,26,25.2
6/14/2015,10:00:31 AM,26,25.2
6/14/2015,10:00:33 AM,26,25.2
6/14/2015,10:00:35 AM,26,25.3
6/14/2015,10:00:37 AM,26,25.2
6/14/2015,10:00:39 AM,26,25.2
6/14/2015,10:00:41 AM,22,25.2
6/14/2015,10:00:43 AM,26,25.2
6/14/2015,10:00:45 AM,23,25.2
6/14/2015,10:00:47 AM,25,25.2
6/14/2015,10:00:49 AM,25,25.2
6/14/2015,10:00:51 AM,25,25.2
6/14/2015,10:00:53 AM,25,25.3
6/14/2015,10:00:55 AM,25,25.3
6/14/2015,10:00:57 AM,25,25.2
6/14/2015,10:00:59 AM,24,25.2
6/14/2015,10:01:01 AM,22,25.2
6/14/2015,10:01:03 AM,26,25.2
6/14/2015,10:01:05 AM,26,25.2
6/14/2015,10:01:07 AM,23,25.3
6/14/2015,10:01:09 AM,26,25.3
6/14/2015,10:01:11 AM,26,25.3
6/14/2015,10:01:13 AM,26,25.3
6/14/2015,10:01:15 AM,26,25.3
6/14/2015,10:01:17 AM,26,25.3
6/14/2015,10:01:19 AM,26,25.2
6/14/2015,10:01:21 AM,26,25.2
6/14/2015,10:01:23 AM,26,25.3
6/14/2015,10:01:25 AM,26,25.3
6/14/2015,10:01:27 AM,26,25.2
6/14/2015,10:01:29 AM,26,25.2
6/14/2015,10:01:31 AM,26,25.2
6/14/2015,10:01:33 AM,25,25.2
6/14/2015,10:01:35 AM,25,25.2
6/14/2015,10:01:37 AM,25,25.2
6/14/2015,10:01:39 AM,25,25.2
6/14/2015,10:01:41 AM,25,25.3
6/14/2015,10:01:43 AM,22,25.3
6/14/2015,10:01:45 AM,26,25.3
6/14/2015,10:01:47 AM,26,25.2
6/14/2015,10:01:49 AM,26,25.2
6/14/2015,10:01:51 AM,23,25.3
6/14/2015,10:01:53 AM,26,25.2
6/14/2015,10:01:55 AM,26,25.2
6/14/2015,10:01:57 AM,26,25.3
6/14/2015,10:01:59 AM,26,25.2
6/14/2015,10:02:01 AM,26,25.2
6/14/2015,10:02:03 AM,26,25.2
6/14/2015,10:02:05 AM,24,25.3
6/14/2015,10:02:07 AM,26,25.3
6/14/2015,10:02:09 AM,26,25.2
6/14/2015,10:02:11 AM,26,25.2
6/14/2015,10:02:13 AM,26,25.2
6/14/2015,10:02:15 AM,26,25.2
6/14/2015,10:02:17 AM,25,25.2
6/14/2015,10:02:19 AM,25,25.2
6/14/2015,10:02:21 AM,26,25.2
6/14/2015,10:02:23 AM,26,25.2
6/14/2015,10:02:25 AM,26,25.2
6/14/2015,10:02:27 AM,26,25.2
6/14/2015,10:02:29 AM,26,25.2
6/14/2015,10:02:31 AM,26,25.2
6/14/2015,10:02:33 AM,24,25.2
6/14/2015,10:02:35 AM,25,25.3
6/14/2015,10:02:37 AM,25,25.3
6/14/2015,10:02:39 AM,25,25.3
6/14/2015,10:02:41 AM,25,25.3
6/14/2015,10:02:43 AM,25,25.2
6/14/2015,10:02:45 AM,25,25.2
6/14/2015,10:02:47 AM,25,25.2
6/14/2015,10:02:49 AM,25,25.2
6/14/2015,10:02:51 AM,25,25.2
6/14/2015,10:02:53 AM,25,25.2
6/14/2015,10:02:55 AM,25,25.2
6/14/2015,10:02:57 AM,21,25.2
6/14/2015,10:02:59 AM,25,25.2
6/14/2015,10:03:01 AM,26,25.2
6/14/2015,10:03:03 AM,24,25.2
6/14/2015,10:03:05 AM,25,25.2
6/14/2015,10:03:07 AM,25,25.2
6/14/2015,10:03:09 AM,25,25.2
6/14/2015,10:03:11 AM,24,25.2
6/14/2015,10:03:13 AM,25,25.2
6/14/2015,10:03:15 AM,25,25.2
6/14/2015,10:03:17 AM,25,25.2
6/14/2015,10:03:19 AM,25,25.2
6/14/2015,10:03:21 AM,22,25.2
6/14/2015,10:03:23 AM,25,25.2
6/14/2015,10:03:25 AM,25,25.1
6/14/2015,10:03:27 AM,25,25.1
6/14/2015,10:03:29 AM,22,25.2
6/14/2015,10:03:31 AM,25,25.2
6/14/2015,10:03:33 AM,25,25.2
6/14/2015,10:03:35 AM,25,25.2
6/14/2015,10:03:37 AM,25,25.2
6/14/2015,10:03:39 AM,23,25.2
6/14/2015,10:03:41 AM,25,25.2
6/14/2015,10:03:43 AM,21,25.2
6/14/2015,10:03:45 AM,26,25.1
6/14/2015,10:03:47 AM,26,25.2
6/14/2015,10:03:49 AM,26,25.2
6/14/2015,10:03:51 AM,26,25.2
6/14/2015,10:03:53 AM,24,25.1
6/14/2015,10:03:55 AM,25,25.1
6/14/2015,10:03:57 AM,24,25.2
6/14/2015,10:03:59 AM,24,25.2
6/14/2015,10:04:01 AM,25,25.2
6/14/2015,10:04:03 AM,25,25.2
6/14/2015,10:04:05 AM,25,25.2
6/14/2015,10:04:07 AM,24,25.2
6/14/2015,10:04:09 AM,26,25.2
6/14/2015,10:04:11 AM,25,25.2
6/14/2015,10:04:13 AM,25,25.2
6/14/2015,10:04:15 AM,26,25.2
6/14/2015,10:04:17 AM,26,25.1
6/14/2015,10:04:19 AM,26,25.2
6/14/2015,10:04:21 AM,26,25.2
6/14/2015,10:04:23 AM,26,25.2
6/14/2015,10:04:25 AM,26,25.2
6/14/2015,10:04:27 AM,26,25.2
6/14/2015,10:04:29 AM,26,25.2
6/14/2015,10:04:31 AM,26,25.2
6/14/2015,10:04:33 AM,26,25.2
6/14/2015,10:04:35 AM,26,25.2
6/14/2015,10:04:37 AM,23,25.2
6/14/2015,10:04:39 AM,26,25.2
6/14/2015,10:04:41 AM,23,25.1
6/14/2015,10:04:43 AM,25,25.2
6/14/2015,10:04:45 AM,25,25.2
6/14/2015,10:04:47 AM,23,25.2
6/14/2015,10:04:49 AM,25,25.2
6/14/2015,10:04:51 AM,25,25.2
6/14/2015,10:04:53 AM,24,25.2
6/14/2015,10:04:55 AM,24,25.2
6/14/2015,10:04:57 AM,26,25.2
6/14/2015,10:04:59 AM,26,25.2
6/14/2015,10:05:01 AM,26,25.2
6/14/2015,10:05:03 AM,25,25.2
6/14/2015,10:05:05 AM,26,25.2
6/14/2015,10:05:07 AM,26,25.2
6/14/2015,10:05:09 AM,26,25.2
6/14/2015,10:05:11 AM,26,25.2
6/14/2015,10:05:13 AM,26,25.2
6/14/2015,10:05:15 AM,26,25.2
6/14/2015,10:05:17 AM,26,25.2
6/14/2015,10:05:19 AM,21,25.2
6/14/2015,10:05:21 AM,25,25.2
6/14/2015,10:05:23 AM,25,25.2
6/14/2015,10:05:25 AM,25,25.2
6/14/2015,10:05:27 AM,26,25.2
6/14/2015,10:05:29 AM,26,25.2
6/14/2015,10:05:31 AM,26,25.2
6/14/2015,10:05:33 AM,26,25.2
6/14/2015,10:05:35 AM,23,25.1
6/14/2015,10:05:37 AM,26,25.1
6/14/2015,10:05:39 AM,26,25.2
6/14/2015,10:05:41 AM,24,25.2
6/14/2015,10:05:43 AM,26,25.2
6/14/2015,10:05:45 AM,26,25.2
6/14/2015,10:05:47 AM,26,25.1
6/14/2015,10:05:49 AM,26,25.1
6/14/2015,10:05:51 AM,26,25.2
6/14/2015,10:05:53 AM,26,25.2
6/14/2015,10:05:55 AM,26,25.2
6/14/2015,10:05:57 AM,26,25.2
6/14/2015,10:05:59 AM,24,25.2
6/14/2015,10:06:01 AM,26,25.2
6/14/2015,10:06:03 AM,26,25.1
6/14/2015,10:06:05 AM,26,25.2
6/14/2015,10:06:07 AM,26,25.2
6/14/2015,10:06:09 AM,26,25.2
6/14/2015,10:06:11 AM,24,25.1
6/14/2015,10:06:13 AM,25,25.2
6/14/2015,10:06:15 AM,25,25.1
6/14/2015,10:06:17 AM,25,25.2
6/14/2015,10:06:19 AM,25,25.1
6/14/2015,10:06:21 AM,25,25.1
6/14/2015,10:06:23 AM,25,25.1
6/14/2015,10:06:25 AM,25,25.1
6/14/2015,10:06:27 AM,23,25.1
6/14/2015,10:06:29 AM,23,25.1
6/14/2015,10:06:31 AM,23,25.1
6/14/2015,10:06:33 AM,26,25.1
6/14/2015,10:06:35 AM,21,25.1
6/14/2015,10:06:37 AM,23,25.1
6/14/2015,10:06:39 AM,26,25.1
6/14/2015,10:06:41 AM,24,25.2
6/14/2015,10:06:43 AM,25,25.1
6/14/2015,10:06:45 AM,25,25.1
6/14/2015,10:06:47 AM,25,25.1
6/14/2015,10:06:49 AM,26,25.1
6/14/2015,10:06:51 AM,26,25.1
6/14/2015,10:06:53 AM,26,25.1
6/14/2015,10:06:55 AM,26,25.1
6/14/2015,10:06:57 AM,26,25.1
6/14/2015,10:06:59 AM,26,25.1
6/14/2015,10:07:01 AM,26,25.1
6/14/2015,10:07:03 AM,26,25.1
6/14/2015,10:07:05 AM,26,25.1
6/14/2015,10:07:07 AM,23,25.1
6/14/2015,10:07:09 AM,26,25.1
6/14/2015,10:07:11 AM,23,25.1
6/14/2015,10:07:13 AM,25,25.1
6/14/2015,10:07:15 AM,26,25.1
6/14/2015,10:07:17 AM,26,25.1
6/14/2015,10:07:19 AM,26,25.1
6/14/2015,10:07:21 AM,24,25.1
6/14/2015,10:07:23 AM,24,25.1
6/14/2015,10:07:25 AM,26,25.1
6/14/2015,10:07:27 AM,26,25.1
6/14/2015,10:07:29 AM,26,25.1
6/14/2015,10:07:31 AM,26,25.1
6/14/2015,10:07:33 AM,25,25.1
6/14/2015,10:07:35 AM,26,25.1
6/14/2015,10:07:37 AM,26,25.1
6/14/2015,10:07:39 AM,26,25.1
6/14/2015,10:07:41 AM,26,25.1
6/14/2015,10:07:43 AM,24,25.2
6/14/2015,10:07:45 AM,26,25.1
6/14/2015,10:07:47 AM,26,25.1
6/14/2015,10:07:49 AM,26,25.1
6/14/2015,10:07:51 AM,26,25.1
6/14/2015,10:07:53 AM,26,25.1
6/14/2015,10:07:55 AM,26,25.1
6/14/2015,10:07:57 AM,26,25.1
6/14/2015,10:07:59 AM,26,25.1
6/14/2015,10:08:01 AM,26,25.2
6/14/2015,10:08:03 AM,26,25.2
6/14/2015,10:08:05 AM,26,25.1
6/14/2015,10:08:07 AM,26,25.1
6/14/2015,10:08:09 AM,26,25.1
6/14/2015,10:08:11 AM,26,25.2
6/14/2015,10:08:13 AM,24,25.2
6/14/2015,10:08:15 AM,26,25.2
6/14/2015,10:08:17 AM,26,25.2
6/14/2015,10:08:19 AM,26,25.2
6/14/2015,10:08:21 AM,26,25.2
6/14/2015,10:08:23 AM,24,25.2
6/14/2015,10:08:25 AM,27,25.2
6/14/2015,10:08:27 AM,27,25.2
6/14/2015,10:08:29 AM,27,25.2
6/14/2015,10:08:31 AM,26,25.2
6/14/2015,10:08:33 AM,23,25.2
6/14/2015,10:08:35 AM,23,25.2
6/14/2015,10:08:37 AM,24,25.2
6/14/2015,10:08:39 AM,27,25.2
6/14/2015,10:08:41 AM,24,25.2
6/14/2015,10:08:43 AM,28,25.2
6/14/2015,10:08:45 AM,27,25.2
6/14/2015,10:08:47 AM,27,25.2
6/14/2015,10:08:49 AM,27,25.2
6/14/2015,10:08:51 AM,26,25.3
6/14/2015,10:08:53 AM,26,25.3
6/14/2015,10:08:55 AM,26,25.2
6/14/2015,10:08:57 AM,26,25.2
6/14/2015,10:08:59 AM,25,25.2
6/14/2015,10:09:01 AM,26,25.2
6/14/2015,10:09:03 AM,26,25.3
6/14/2015,10:09:05 AM,26,25.3
6/14/2015,10:09:07 AM,26,25.3
6/14/2015,10:09:09 AM,26,25.3
6/14/2015,10:09:11 AM,26,25.3
6/14/2015,10:09:13 AM,26,25.3
6/14/2015,10:09:15 AM,26,25.3
6/14/2015,10:09:17 AM,26,25.3
6/14/2015,10:09:19 AM,26,25.3
6/14/2015,10:09:21 AM,26,25.3
6/14/2015,10:09:23 AM,26,25.3
6/14/2015,10:09:25 AM,26,25.3
6/14/2015,10:09:27 AM,26,25.3
6/14/2015,10:09:29 AM,26,25.3
6/14/2015,10:09:31 AM,25,25.3
6/14/2015,10:09:33 AM,26,25.3
6/14/2015,10:09:35 AM,24,25.3
6/14/2015,10:09:37 AM,24,25.3
6/14/2015,10:09:39 AM,22,25.4
6/14/2015,10:09:41 AM,22,25.3
6/14/2015,10:09:43 AM,26,25.4
6/14/2015,10:09:45 AM,26,25.4
6/14/2015,10:09:47 AM,26,25.4
6/14/2015,10:09:49 AM,26,25.4
6/14/2015,10:09:51 AM,26,25.4
6/14/2015,10:09:53 AM,24,25.4
6/14/2015,10:09:55 AM,26,25.4
6/14/2015,10:09:57 AM,24,25.4
6/14/2015,10:09:59 AM,22,25.3
6/14/2015,10:10:01 AM,26,25.4
6/14/2015,10:10:03 AM,25,25.3
6/14/2015,10:10:05 AM,26,25.4
6/14/2015,10:10:07 AM,26,25.3
6/14/2015,10:10:09 AM,26,25.4
6/14/2015,10:10:11 AM,26,25.4
6/14/2015,10:10:13 AM,26,25.4
6/14/2015,10:10:15 AM,26,25.4
6/14/2015,10:10:17 AM,22,25.4
6/14/2015,10:10:19 AM,26,25.4
6/14/2015,10:10:21 AM,26,25.4
6/14/2015,10:10:23 AM,26,25.4
6/14/2015,10:10:25 AM,26,25.4
6/14/2015,10:10:27 AM,27,25.4
6/14/2015,10:10:29 AM,27,25.4
6/14/2015,10:10:31 AM,27,25.4
6/14/2015,10:10:33 AM,27,25.4
6/14/2015,10:10:35 AM,27,25.4
6/14/2015,10:10:37 AM,26,25.4
6/14/2015,10:10:39 AM,23,25.4
6/14/2015,10:10:41 AM,23,25.4
6/14/2015,10:10:43 AM,22,25.4
6/14/2015,10:10:45 AM,22,25.4
6/14/2015,10:10:47 AM,27,25.4
6/14/2015,10:10:49 AM,27,25.5
6/14/2015,10:10:51 AM,28,25.5
6/14/2015,10:10:53 AM,30,25.5
6/14/2015,10:10:55 AM,29,25.5
6/14/2015,10:10:57 AM,28,25.5
6/14/2015,10:10:59 AM,28,25.5
6/14/2015,10:11:01 AM,26,25.5
6/14/2015,10:11:03 AM,28,25.5
6/14/2015,10:11:05 AM,47,25.5
6/14/2015,10:11:07 AM,60,25.5
6/14/2015,10:11:09 AM,58,25.5
6/14/2015,10:11:11 AM,61,25.6
6/14/2015,10:11:13 AM,63,25.6
6/14/2015,10:11:15 AM,66,25.7
6/14/2015,10:11:17 AM,60,25.7
6/14/2015,10:11:19 AM,64,25.8
6/14/2015,10:11:21 AM,68,25.8
6/14/2015,10:11:23 AM,70,25.9
6/14/2015,10:11:25 AM,72,26
6/14/2015,10:11:27 AM,74,26.1
6/14/2015,10:11:29 AM,74,26.3
6/14/2015,10:11:31 AM,74,26.4
6/14/2015,10:11:33 AM,74,26.5
6/14/2015,10:11:35 AM,74,26.6
6/14/2015,10:11:37 AM,73,26.8
6/14/2015,10:11:39 AM,72,26.9
6/14/2015,10:11:41 AM,73,27.1
6/14/2015,10:11:43 AM,72,27.3
6/14/2015,10:11:45 AM,72,27.4
6/14/2015,10:11:47 AM,70,27.6
6/14/2015,10:11:49 AM,67,27.7
6/14/2015,10:11:51 AM,65,27.9
6/14/2015,10:11:53 AM,64,28.1
6/14/2015,10:11:55 AM,62,28.3
6/14/2015,10:11:57 AM,61,28.4
6/14/2015,10:11:59 AM,60,28.6
6/14/2015,10:12:01 AM,59,28.7
6/14/2015,10:12:03 AM,57,28.9
6/14/2015,10:12:05 AM,56,29
6/14/2015,10:12:07 AM,55,29.1
6/14/2015,10:12:09 AM,55,29.2
6/14/2015,10:12:11 AM,54,29.4
6/14/2015,10:12:13 AM,54,29.5
6/14/2015,10:12:15 AM,53,29.6
6/14/2015,10:12:17 AM,53,29.7
6/14/2015,10:12:19 AM,53,29.8
6/14/2015,10:12:21 AM,52,30
6/14/2015,10:12:23 AM,52,30.1
6/14/2015,10:12:25 AM,53,30.2
6/14/2015,10:12:27 AM,53,30.3
6/14/2015,10:12:29 AM,53,30.3
6/14/2015,10:12:31 AM,53,30.4
6/14/2015,10:12:33 AM,52,30.5
6/14/2015,10:12:35 AM,52,30.6
6/14/2015,10:12:37 AM,52,30.7
6/14/2015,10:12:39 AM,52,30.8
6/14/2015,10:12:41 AM,51,30.8
6/14/2015,10:12:43 AM,51,30.9
6/14/2015,10:12:45 AM,50,31
6/14/2015,10:12:47 AM,50,31.1
6/14/2015,10:12:49 AM,50,31.1
6/14/2015,10:12:51 AM,48,31.2
6/14/2015,10:12:53 AM,48,31.3
6/14/2015,10:12:55 AM,48,31.3
6/14/2015,10:12:57 AM,48,31.4
6/14/2015,10:12:59 AM,48,31.4
6/14/2015,10:13:01 AM,46,31.5
6/14/2015,10:13:03 AM,46,31.5
6/14/2015,10:13:05 AM,46,31.6
6/14/2015,10:13:07 AM,46,31.7
6/14/2015,10:13:09 AM,46,31.7
6/14/2015,10:13:11 AM,45,31.8
6/14/2015,10:13:13 AM,46,31.8
6/14/2015,10:13:15 AM,45,31.9
6/14/2015,10:13:17 AM,44,31.9
6/14/2015,10:13:19 AM,44,31.9
6/14/2015,10:13:21 AM,42,32
6/14/2015,10:13:23 AM,40,32
6/14/2015,10:13:25 AM,38,32
6/14/2015,10:13:27 AM,36,32.1
6/14/2015,10:13:29 AM,36,32.1
6/14/2015,10:13:31 AM,38,32.2
6/14/2015,10:13:33 AM,41,32.2
6/14/2015,10:13:35 AM,40,32.2
6/14/2015,10:13:37 AM,40,32.2
6/14/2015,10:13:39 AM,41,32.2
6/14/2015,10:13:41 AM,41,32.2
6/14/2015,10:13:43 AM,41,32.2
6/14/2015,10:13:45 AM,41,32.3
6/14/2015,10:13:47 AM,41,32.3
6/14/2015,10:13:49 AM,41,32.3
6/14/2015,10:13:51 AM,41,32.3
6/14/2015,10:13:53 AM,41,32.3
6/14/2015,10:13:55 AM,41,32.3
6/14/2015,10:13:57 AM,41,32.3
6/14/2015,10:13:59 AM,41,32.3
6/14/2015,10:14:01 AM,42,32.3
6/14/2015,10:14:03 AM,42,32.4
6/14/2015,10:14:05 AM,42,32.3
6/14/2015,10:14:07 AM,42,32.4
6/14/2015,10:14:09 AM,42,32.4
6/14/2015,10:14:11 AM,42,32.4
6/14/2015,10:14:13 AM,41,32.4
6/14/2015,10:14:15 AM,37,32.4
6/14/2015,10:14:17 AM,40,32.4
6/14/2015,10:14:19 AM,39,32.4
6/14/2015,10:14:21 AM,39,32.4
6/14/2015,10:14:23 AM,39,32.4
6/14/2015,10:14:25 AM,39,32.4
6/14/2015,10:14:27 AM,40,32.4
6/14/2015,10:14:29 AM,40,32.5
6/14/2015,10:14:31 AM,40,32.5
6/14/2015,10:14:33 AM,40,32.5
6/14/2015,10:14:35 AM,40,32.5
6/14/2015,10:14:37 AM,40,32.5
6/14/2015,10:14:39 AM,40,32.5
6/14/2015,10:14:41 AM,39,32.5
6/14/2015,10:14:43 AM,39,32.5
6/14/2015,10:14:45 AM,39,32.5
6/14/2015,10:14:47 AM,39,32.5
6/14/2015,10:14:49 AM,38,32.5
6/14/2015,10:14:51 AM,38,32.5
6/14/2015,10:14:53 AM,38,32.5
6/14/2015,10:14:55 AM,38,32.5
6/14/2015,10:14:57 AM,38,32.5
6/14/2015,10:14:59 AM,38,32.5
6/14/2015,10:15:01 AM,38,32.5
6/14/2015,10:15:03 AM,38,32.5
6/14/2015,10:15:05 AM,38,32.5
6/14/2015,10:15:07 AM,38,32.5
6/14/2015,10:15:09 AM,37,32.5
6/14/2015,10:15:11 AM,37,32.5
6/14/2015,10:15:13 AM,37,32.5
6/14/2015,10:15:15 AM,37,32.6
6/14/2015,10:15:17 AM,38,32.5
6/14/2015,10:15:19 AM,38,32.5
6/14/2015,10:15:21 AM,38,32.6
6/14/2015,10:15:23 AM,39,32.6
6/14/2015,10:15:25 AM,40,32.5
6/14/2015,10:15:27 AM,40,32.5
6/14/2015,10:15:29 AM,40,32.6
6/14/2015,10:15:31 AM,39,32.5
6/14/2015,10:15:33 AM,39,32.5
6/14/2015,10:15:35 AM,39,32.6
6/14/2015,10:15:37 AM,39,32.6
6/14/2015,10:15:39 AM,39,32.6
6/14/2015,10:15:41 AM,39,32.5
6/14/2015,10:15:43 AM,39,32.5
6/14/2015,10:15:45 AM,39,32.6
6/14/2015,10:15:47 AM,39,32.5
6/14/2015,10:15:49 AM,39,32.5
6/14/2015,10:15:51 AM,39,32.5
6/14/2015,10:15:53 AM,40,32.5
6/14/2015,10:15:55 AM,40,32.6
6/14/2015,10:15:57 AM,40,32.6
6/14/2015,10:15:59 AM,40,32.6
6/14/2015,10:16:01 AM,40,32.6
6/14/2015,10:16:03 AM,40,32.6
6/14/2015,10:16:05 AM,40,32.6
6/14/2015,10:16:07 AM,40,32.6
6/14/2015,10:16:09 AM,40,32.6
6/14/2015,10:16:11 AM,40,32.6
6/14/2015,10:16:13 AM,40,32.6
6/14/2015,10:16:15 AM,40,32.7
6/14/2015,10:16:17 AM,40,32.7
6/14/2015,10:16:19 AM,41,32.7
6/14/2015,10:16:21 AM,41,32.7
6/14/2015,10:16:23 AM,41,32.7
6/14/2015,10:16:25 AM,41,32.7
6/14/2015,10:16:27 AM,41,32.7
6/14/2015,10:16:29 AM,41,32.7
6/14/2015,10:16:31 AM,41,32.7
6/14/2015,10:16:33 AM,40,32.7
6/14/2015,10:16:35 AM,40,32.7
6/14/2015,10:16:37 AM,40,32.8
6/14/2015,10:16:39 AM,39,32.8
6/14/2015,10:16:41 AM,39,32.8
6/14/2015,10:16:43 AM,39,32.8
6/14/2015,10:16:45 AM,39,32.8
6/14/2015,10:16:47 AM,39,32.8
6/14/2015,10:16:49 AM,39,32.8
6/14/2015,10:16:51 AM,39,32.9
6/14/2015,10:16:53 AM,39,32.9
6/14/2015,10:16:55 AM,39,32.9
6/14/2015,10:16:57 AM,39,32.9
6/14/2015,10:16:59 AM,39,32.8
6/14/2015,10:17:01 AM,39,32.9
6/14/2015,10:17:03 AM,39,32.9
6/14/2015,10:17:05 AM,39,32.9
6/14/2015,10:17:07 AM,39,32.9
6/14/2015,10:17:09 AM,39,32.9
6/14/2015,10:17:11 AM,39,32.9
6/14/2015,10:17:13 AM,39,32.9
6/14/2015,10:17:15 AM,39,32.9
6/14/2015,10:17:17 AM,39,33
6/14/2015,10:17:19 AM,39,33
6/14/2015,10:17:21 AM,39,33
6/14/2015,10:17:23 AM,39,33
6/14/2015,10:17:25 AM,39,33
6/14/2015,10:17:27 AM,39,33
6/14/2015,10:17:29 AM,39,33
6/14/2015,10:17:31 AM,39,33
6/14/2015,10:17:33 AM,38,33
6/14/2015,10:17:35 AM,38,33.1
6/14/2015,10:17:37 AM,38,33
6/14/2015,10:17:39 AM,38,33
6/14/2015,10:17:41 AM,38,33
6/14/2015,10:17:43 AM,38,33.1
6/14/2015,10:17:45 AM,38,33.1
6/14/2015,10:17:47 AM,38,33.1
6/14/2015,10:17:49 AM,38,33.1
6/14/2015,10:17:51 AM,38,33.1
6/14/2015,10:17:53 AM,38,33.1
6/14/2015,10:17:55 AM,38,33.1
6/14/2015,10:17:57 AM,38,33.1
6/14/2015,10:17:59 AM,38,33.1
6/14/2015,10:18:01 AM,37,33.1
6/14/2015,10:18:03 AM,38,33.1
6/14/2015,10:18:05 AM,38,33.1
6/14/2015,10:18:07 AM,37,33.2
6/14/2015,10:18:09 AM,36,33.2
6/14/2015,10:18:11 AM,33,33.2
6/14/2015,10:18:13 AM,33,33.2
6/14/2015,10:18:15 AM,33,33.1
6/14/2015,10:18:17 AM,32,33.1
6/14/2015,10:18:19 AM,32,33.1
6/14/2015,10:18:21 AM,32,33.1
6/14/2015,10:18:23 AM,32,33.1
6/14/2015,10:18:25 AM,34,33.1
6/14/2015,10:18:27 AM,36,33.1
6/14/2015,10:18:29 AM,33,33.1
6/14/2015,10:18:31 AM,34,33.1
6/14/2015,10:18:33 AM,34,33
6/14/2015,10:18:35 AM,35,33.1
6/14/2015,10:18:37 AM,35,33.1
6/14/2015,10:18:39 AM,35,33.1
6/14/2015,10:18:41 AM,35,33.1
6/14/2015,10:18:43 AM,36,33.1
6/14/2015,10:18:45 AM,36,33.1
6/14/2015,10:18:47 AM,37,33
6/14/2015,10:18:49 AM,37,33.1
6/14/2015,10:18:51 AM,37,33.1
6/14/2015,10:18:53 AM,38,33.1
6/14/2015,10:18:55 AM,39,33
6/14/2015,10:18:57 AM,39,33
6/14/2015,10:18:59 AM,39,33
6/14/2015,10:19:01 AM,39,33
6/14/2015,10:19:03 AM,39,33
6/14/2015,10:19:05 AM,39,33
6/14/2015,10:19:07 AM,40,33.1
6/14/2015,10:19:09 AM,40,33
6/14/2015,10:19:11 AM,40,33
6/14/2015,10:19:13 AM,40,33
6/14/2015,10:19:15 AM,40,33.1
6/14/2015,10:19:17 AM,40,33
6/14/2015,10:19:19 AM,41,33.1
6/14/2015,10:19:21 AM,41,33.1
6/14/2015,10:19:23 AM,41,33.1
6/14/2015,10:19:25 AM,41,33.1
6/14/2015,10:19:27 AM,40,33.1
6/14/2015,10:19:29 AM,40,33
6/14/2015,10:19:31 AM,40,33.1
6/14/2015,10:19:33 AM,40,33
6/14/2015,10:19:35 AM,40,33.1
6/14/2015,10:19:37 AM,40,33.1
6/14/2015,10:19:39 AM,40,33.1
6/14/2015,10:19:41 AM,40,33.1
6/14/2015,10:19:43 AM,40,33.1
6/14/2015,10:19:45 AM,40,33.1
6/14/2015,10:19:47 AM,40,33.1
6/14/2015,10:19:49 AM,39,33.1
6/14/2015,10:19:51 AM,38,33.1
6/14/2015,10:19:53 AM,38,33.1
6/14/2015,10:19:55 AM,37,33.1
6/14/2015,10:19:57 AM,34,33.1
6/14/2015,10:19:59 AM,33,33.2
6/14/2015,10:20:01 AM,30,33.1
6/14/2015,10:20:03 AM,30,33.1
6/14/2015,10:20:05 AM,30,33.1
6/14/2015,10:20:07 AM,29,33.1
6/14/2015,10:20:09 AM,29,33.1
6/14/2015,10:20:11 AM,29,33.1
6/14/2015,10:20:13 AM,29,33.1
6/14/2015,10:20:15 AM,29,33.1
6/14/2015,10:20:17 AM,29,33.1
6/14/2015,10:20:19 AM,29,33.1
6/14/2015,10:20:21 AM,29,33.1
6/14/2015,10:20:23 AM,27,33
6/14/2015,10:20:25 AM,29,33
6/14/2015,10:20:27 AM,29,33
6/14/2015,10:20:29 AM,29,33
6/14/2015,10:20:31 AM,29,33
6/14/2015,10:20:33 AM,29,33
6/14/2015,10:20:35 AM,29,33
6/14/2015,10:20:37 AM,30,33
6/14/2015,10:20:39 AM,28,32.9
6/14/2015,10:20:41 AM,29,32.9
6/14/2015,10:20:43 AM,29,32.9
6/14/2015,10:20:45 AM,29,32.9
6/14/2015,10:20:47 AM,29,32.9
6/14/2015,10:20:49 AM,29,32.9
6/14/2015,10:20:51 AM,29,32.8
6/14/2015,10:20:53 AM,28,32.8
6/14/2015,10:20:55 AM,28,32.8
6/14/2015,10:20:57 AM,29,32.8
6/14/2015,10:20:59 AM,29,32.7
6/14/2015,10:21:01 AM,29,32.7
6/14/2015,10:21:03 AM,29,32.7
6/14/2015,10:21:05 AM,29,32.7
6/14/2015,10:21:07 AM,24,32.7
6/14/2015,10:21:09 AM,28,32.6
6/14/2015,10:21:11 AM,27,32.6
6/14/2015,10:21:13 AM,27,32.6
6/14/2015,10:21:15 AM,27,32.6
6/14/2015,10:21:17 AM,27,32.5
6/14/2015,10:21:19 AM,25,32.6
6/14/2015,10:21:21 AM,27,32.5
6/14/2015,10:21:23 AM,27,32.5
6/14/2015,10:21:25 AM,27,32.5
6/14/2015,10:21:27 AM,27,32.4
6/14/2015,10:21:29 AM,24,32.4
6/14/2015,10:21:31 AM,24,32.4
6/14/2015,10:21:33 AM,26,32.4
6/14/2015,10:21:35 AM,24,32.4
6/14/2015,10:21:37 AM,26,32.3
6/14/2015,10:21:39 AM,26,32.3
6/14/2015,10:21:41 AM,26,32.3
6/14/2015,10:21:43 AM,23,32.3
6/14/2015,10:21:45 AM,25,32.3
6/14/2015,10:21:47 AM,27,32.3
6/14/2015,10:21:49 AM,27,32.2
6/14/2015,10:21:51 AM,27,32.2
6/14/2015,10:21:53 AM,27,32.2
6/14/2015,10:21:55 AM,27,32.1
6/14/2015,10:21:57 AM,23,32.1
6/14/2015,10:21:59 AM,27,32.1
6/14/2015,10:22:01 AM,24,32.1
6/14/2015,10:22:03 AM,27,32.1
6/14/2015,10:22:05 AM,27,32.1
6/14/2015,10:22:07 AM,27,32
6/14/2015,10:22:09 AM,25,32
6/14/2015,10:22:11 AM,27,32
6/14/2015,10:22:13 AM,27,32
6/14/2015,10:22:15 AM,27,31.9
6/14/2015,10:22:17 AM,27,31.9
6/14/2015,10:22:19 AM,27,31.9
6/14/2015,10:22:21 AM,27,31.9
6/14/2015,10:22:23 AM,27,31.8
6/14/2015,10:22:25 AM,23,31.8
6/14/2015,10:22:27 AM,27,31.8
6/14/2015,10:22:29 AM,27,31.8
6/14/2015,10:22:31 AM,23,31.8
6/14/2015,10:22:33 AM,27,31.7
6/14/2015,10:22:35 AM,27,31.7
6/14/2015,10:22:37 AM,27,31.7
6/14/2015,10:22:39 AM,27,31.7
6/14/2015,10:22:41 AM,27,31.6
6/14/2015,10:22:43 AM,27,31.6
6/14/2015,10:22:45 AM,27,31.6
6/14/2015,10:22:47 AM,27,31.5
6/14/2015,10:22:49 AM,27,31.5
6/14/2015,10:22:51 AM,27,31.5
6/14/2015,10:22:53 AM,23,31.5
6/14/2015,10:22:55 AM,27,31.5
6/14/2015,10:22:57 AM,24,31.5
6/14/2015,10:22:59 AM,27,31.4
6/14/2015,10:23:01 AM,27,31.4
6/14/2015,10:23:03 AM,27,31.4
6/14/2015,10:23:05 AM,27,31.4
6/14/2015,10:23:07 AM,27,31.4
6/14/2015,10:23:09 AM,27,31.3
6/14/2015,10:23:11 AM,24,31.3
6/14/2015,10:23:13 AM,27,31.3
6/14/2015,10:23:15 AM,25,31.2
6/14/2015,10:23:17 AM,27,31.2
6/14/2015,10:23:19 AM,27,31.2
6/14/2015,10:23:21 AM,27,31.2
6/14/2015,10:23:23 AM,27,31.2
6/14/2015,10:23:25 AM,27,31.2
6/14/2015,10:23:27 AM,26,31.1
6/14/2015,10:23:29 AM,26,31.1
6/14/2015,10:23:31 AM,24,31.1
6/14/2015,10:23:33 AM,27,31.1
6/14/2015,10:23:35 AM,27,31.1
6/14/2015,10:23:37 AM,24,31.1
6/14/2015,10:23:39 AM,27,31
6/14/2015,10:23:41 AM,24,31
6/14/2015,10:23:43 AM,26,31
6/14/2015,10:23:45 AM,26,31
6/14/2015,10:23:47 AM,26,30.9
6/14/2015,10:23:49 AM,26,30.9
6/14/2015,10:23:51 AM,26,30.9
6/14/2015,10:23:53 AM,26,30.9
6/14/2015,10:23:55 AM,23,30.9
6/14/2015,10:23:57 AM,26,30.9
6/14/2015,10:23:59 AM,26,30.9
6/14/2015,10:24:01 AM,26,30.8
6/14/2015,10:24:03 AM,26,30.8
6/14/2015,10:24:05 AM,24,30.8
6/14/2015,10:24:07 AM,26,30.8
6/14/2015,10:24:09 AM,27,30.8
6/14/2015,10:24:11 AM,24,30.7
6/14/2015,10:24:13 AM,25,30.7
6/14/2015,10:24:15 AM,26,30.7
6/14/2015,10:24:17 AM,27,30.7
6/14/2015,10:24:19 AM,25,30.7
6/14/2015,10:24:21 AM,26,30.6
6/14/2015,10:24:23 AM,26,30.6
6/14/2015,10:24:25 AM,25,30.6
6/14/2015,10:24:27 AM,27,30.6
6/14/2015,10:24:29 AM,27,30.6
6/14/2015,10:24:31 AM,23,30.5
6/14/2015,10:24:33 AM,26,30.5
6/14/2015,10:24:35 AM,26,30.5
6/14/2015,10:24:37 AM,26,30.5
6/14/2015,10:24:39 AM,23,30.5
6/14/2015,10:24:41 AM,24,30.5
6/14/2015,10:24:43 AM,25,30.4
6/14/2015,10:24:45 AM,27,30.4
6/14/2015,10:24:47 AM,26,30.4
6/14/2015,10:24:49 AM,23,30.4
6/14/2015,10:24:51 AM,26,30.3
6/14/2015,10:24:53 AM,25,30.3
6/14/2015,10:24:55 AM,26,30.3
6/14/2015,10:24:57 AM,26,30.3
6/14/2015,10:24:59 AM,25,30.3
6/14/2015,10:25:01 AM,26,30.3
6/14/2015,10:25:03 AM,26,30.2
6/14/2015,10:25:05 AM,25,30.2
6/14/2015,10:25:07 AM,26,30.2
6/14/2015,10:25:09 AM,26,30.2
6/14/2015,10:25:11 AM,26,30.2
6/14/2015,10:25:13 AM,26,30.1
6/14/2015,10:25:15 AM,26,30.1
6/14/2015,10:25:17 AM,26,30.1
6/14/2015,10:25:19 AM,26,30.1
6/14/2015,10:25:21 AM,26,30.1
6/14/2015,10:25:23 AM,26,30.1
6/14/2015,10:25:25 AM,25,30.1
6/14/2015,10:25:27 AM,23,30
6/14/2015,10:25:29 AM,26,30
6/14/2015,10:25:31 AM,26,30
6/14/2015,10:25:33 AM,24,30
6/14/2015,10:25:35 AM,26,30
6/14/2015,10:25:37 AM,26,30
6/14/2015,10:25:39 AM,26,29.9
6/14/2015,10:25:41 AM,26,29.9
6/14/2015,10:25:43 AM,26,29.9
6/14/2015,10:25:45 AM,23,29.9
6/14/2015,10:25:47 AM,26,29.9
6/14/2015,10:25:49 AM,26,29.8
6/14/2015,10:25:51 AM,26,29.8
6/14/2015,10:25:53 AM,25,29.8
6/14/2015,10:25:55 AM,23,29.8
6/14/2015,10:25:57 AM,26,29.8
6/14/2015,10:25:59 AM,22,29.7
6/14/2015,10:26:01 AM,26,29.8
6/14/2015,10:26:03 AM,26,29.7
6/14/2015,10:26:05 AM,26,29.7
6/14/2015,10:26:07 AM,26,29.7
6/14/2015,10:26:09 AM,22,29.7
6/14/2015,10:26:11 AM,26,29.7
6/14/2015,10:26:13 AM,26,29.7
6/14/2015,10:26:15 AM,26,29.6
6/14/2015,10:26:17 AM,24,29.6
6/14/2015,10:26:19 AM,27,29.6
6/14/2015,10:26:21 AM,27,29.6
6/14/2015,10:26:23 AM,26,29.6
6/14/2015,10:26:25 AM,26,29.6
6/14/2015,10:26:27 AM,22,29.6
6/14/2015,10:26:29 AM,27,29.5
6/14/2015,10:26:31 AM,26,29.5
6/14/2015,10:26:33 AM,25,29.5
6/14/2015,10:26:35 AM,25,29.5
6/14/2015,10:26:37 AM,25,29.5
6/14/2015,10:26:39 AM,24,29.5
6/14/2015,10:26:41 AM,26,29.4
6/14/2015,10:26:43 AM,26,29.4
6/14/2015,10:26:45 AM,22,29.4
6/14/2015,10:26:47 AM,26,29.4
6/14/2015,10:26:49 AM,26,29.4
6/14/2015,10:26:51 AM,26,29.4
6/14/2015,10:26:53 AM,26,29.4
6/14/2015,10:26:55 AM,26,29.3
6/14/2015,10:26:57 AM,26,29.3
6/14/2015,10:26:59 AM,26,29.3
6/14/2015,10:27:01 AM,25,29.3
6/14/2015,10:27:03 AM,26,29.3
6/14/2015,10:27:05 AM,22,29.3
6/14/2015,10:27:07 AM,26,29.3
6/14/2015,10:27:09 AM,26,29.3
6/14/2015,10:27:11 AM,26,29.2
6/14/2015,10:27:13 AM,23,29.2
6/14/2015,10:27:15 AM,25,29.2
6/14/2015,10:27:17 AM,23,29.2
6/14/2015,10:27:19 AM,23,29.2
6/14/2015,10:27:21 AM,25,29.2
6/14/2015,10:27:23 AM,25,29.1
6/14/2015,10:27:25 AM,26,29.1
6/14/2015,10:27:27 AM,23,29.1
6/14/2015,10:27:29 AM,23,29.1
6/14/2015,10:27:31 AM,25,29.1
6/14/2015,10:27:33 AM,25,29.1
6/14/2015,10:27:35 AM,25,29.1
6/14/2015,10:27:37 AM,25,29
6/14/2015,10:27:39 AM,26,29
6/14/2015,10:27:41 AM,25,29
6/14/2015,10:27:43 AM,25,29
6/14/2015,10:27:45 AM,25,29
6/14/2015,10:27:47 AM,25,29
6/14/2015,10:27:49 AM,26,29
6/14/2015,10:27:51 AM,24,29
6/14/2015,10:27:53 AM,26,28.9
6/14/2015,10:27:55 AM,24,28.9
6/14/2015,10:27:57 AM,26,28.9
6/14/2015,10:27:59 AM,26,28.9
6/14/2015,10:28:01 AM,26,28.8
6/14/2015,10:28:03 AM,26,28.8
6/14/2015,10:28:05 AM,22,28.8
6/14/2015,10:28:07 AM,26,28.8
6/14/2015,10:28:09 AM,25,28.8
6/14/2015,10:28:11 AM,26,28.8
6/14/2015,10:28:13 AM,24,28.8
6/14/2015,10:28:15 AM,23,28.7
6/14/2015,10:28:17 AM,25,28.7
6/14/2015,10:28:19 AM,24,28.7
6/14/2015,10:28:21 AM,26,28.7
6/14/2015,10:28:23 AM,23,28.7
6/14/2015,10:28:25 AM,25,28.7
6/14/2015,10:28:27 AM,25,28.7
6/14/2015,10:28:29 AM,26,28.7
6/14/2015,10:28:31 AM,26,28.6
6/14/2015,10:28:33 AM,23,28.6
6/14/2015,10:28:35 AM,25,28.6
6/14/2015,10:28:37 AM,25,28.6
6/14/2015,10:28:39 AM,25,28.6
6/14/2015,10:28:41 AM,26,28.6
6/14/2015,10:28:43 AM,25,28.6
6/14/2015,10:28:45 AM,25,28.6
6/14/2015,10:28:47 AM,25,28.6
6/14/2015,10:28:49 AM,26,28.6
6/14/2015,10:28:51 AM,26,28.5
6/14/2015,10:28:53 AM,23,28.5
6/14/2015,10:28:55 AM,26,28.5
6/14/2015,10:28:57 AM,26,28.5
6/14/2015,10:28:59 AM,25,28.5
6/14/2015,10:29:01 AM,26,28.5
6/14/2015,10:29:03 AM,25,28.4
6/14/2015,10:29:05 AM,25,28.4
6/14/2015,10:29:07 AM,23,28.4
6/14/2015,10:29:09 AM,26,28.4
6/14/2015,10:29:11 AM,26,28.4
6/14/2015,10:29:13 AM,25,28.4
6/14/2015,10:29:15 AM,25,28.4
6/14/2015,10:29:17 AM,26,28.4
6/14/2015,10:29:19 AM,26,28.4
6/14/2015,10:29:21 AM,24,28.4
6/14/2015,10:29:23 AM,26,28.3
6/14/2015,10:29:25 AM,23,28.3
6/14/2015,10:29:27 AM,26,28.3
6/14/2015,10:29:29 AM,24,28.3
6/14/2015,10:29:31 AM,26,28.3
6/14/2015,10:29:33 AM,26,28.3
6/14/2015,10:29:35 AM,24,28.3
6/14/2015,10:29:37 AM,26,28.3
6/14/2015,10:29:39 AM,25,28.3
6/14/2015,10:29:41 AM,25,28.2
6/14/2015,10:29:43 AM,22,28.2
6/14/2015,10:29:45 AM,26,28.2
6/14/2015,10:29:47 AM,26,28.2
6/14/2015,10:29:49 AM,26,28.2
6/14/2015,10:29:51 AM,24,28.2
6/14/2015,10:29:53 AM,23,28.2
6/14/2015,10:29:55 AM,23,28.2
6/14/2015,10:29:57 AM,26,28.2
6/14/2015,10:29:59 AM,24,28.2
6/14/2015,10:30:01 AM,26,28.2
6/14/2015,10:30:03 AM,26,28.2
6/14/2015,10:30:05 AM,26,28.2
6/14/2015,10:30:07 AM,25,28.2
6/14/2015,10:30:09 AM,26,28.2
6/14/2015,10:30:11 AM,26,28.1
6/14/2015,10:30:13 AM,26,28.1
6/14/2015,10:30:15 AM,23,28.1
6/14/2015,10:30:17 AM,24,28.1
6/14/2015,10:30:19 AM,24,28.1
6/14/2015,10:30:21 AM,26,28.1
6/14/2015,10:30:23 AM,24,28.1
6/14/2015,10:30:25 AM,26,28.1
6/14/2015,10:30:27 AM,26,28.1
6/14/2015,10:30:29 AM,26,28.1
6/14/2015,10:30:31 AM,25,28.1
6/14/2015,10:30:33 AM,26,28.1
6/14/2015,10:30:35 AM,24,28.1
6/14/2015,10:30:37 AM,26,28.1
6/14/2015,10:30:39 AM,26,28.1
6/14/2015,10:30:41 AM,26,28.1
6/14/2015,10:30:43 AM,26,28.1
6/14/2015,10:30:45 AM,26,28.1
6/14/2015,10:30:47 AM,26,28.1
6/14/2015,10:30:49 AM,26,28
6/14/2015,10:30:51 AM,24,28
6/14/2015,10:30:53 AM,25,28
6/14/2015,10:30:55 AM,25,28
6/14/2015,10:30:57 AM,24,28
6/14/2015,10:30:59 AM,26,28
6/14/2015,10:31:01 AM,22,28
6/14/2015,10:31:03 AM,24,28
6/14/2015,10:31:05 AM,26,28
6/14/2015,10:31:07 AM,26,28
6/14/2015,10:31:09 AM,24,28
6/14/2015,10:31:11 AM,26,28
6/14/2015,10:31:13 AM,26,28
6/14/2015,10:31:15 AM,24,28
6/14/2015,10:31:17 AM,24,28
6/14/2015,10:31:19 AM,25,27.9
6/14/2015,10:31:21 AM,25,27.9
6/14/2015,10:31:23 AM,26,27.9
6/14/2015,10:31:25 AM,23,27.9
6/14/2015,10:31:27 AM,24,27.9
6/14/2015,10:31:29 AM,25,27.9
6/14/2015,10:31:31 AM,26,27.9
6/14/2015,10:31:33 AM,26,27.9
6/14/2015,10:31:35 AM,26,27.9
6/14/2015,10:31:37 AM,23,27.9
6/14/2015,10:31:39 AM,23,27.9
6/14/2015,10:31:41 AM,24,27.9
6/14/2015,10:31:43 AM,26,27.9
6/14/2015,10:31:45 AM,26,27.9
6/14/2015,10:31:47 AM,26,27.9
6/14/2015,10:31:49 AM,26,27.9
6/14/2015,10:31:51 AM,26,27.9
6/14/2015,10:31:53 AM,24,27.9
6/14/2015,10:31:55 AM,26,27.9
6/14/2015,10:31:57 AM,26,27.9
6/14/2015,10:31:59 AM,26,27.8
6/14/2015,10:32:01 AM,26,27.8
6/14/2015,10:32:03 AM,26,27.9
6/14/2015,10:32:05 AM,26,27.9
6/14/2015,10:32:07 AM,26,27.8
6/14/2015,10:32:09 AM,26,27.8
6/14/2015,10:32:11 AM,26,27.9
6/14/2015,10:32:13 AM,25,27.9
6/14/2015,10:32:15 AM,26,27.9
6/14/2015,10:32:17 AM,23,27.9
6/14/2015,10:32:19 AM,24,27.8
6/14/2015,10:32:21 AM,26,27.8
6/14/2015,10:32:23 AM,26,27.8
6/14/2015,10:32:25 AM,26,27.8
6/14/2015,10:32:27 AM,22,27.8
6/14/2015,10:32:29 AM,24,27.8
6/14/2015,10:32:31 AM,24,27.8
6/14/2015,10:32:33 AM,26,27.8
6/14/2015,10:32:35 AM,26,27.8
6/14/2015,10:32:37 AM,26,27.8
6/14/2015,10:32:39 AM,25,27.8
6/14/2015,10:32:41 AM,25,27.8
6/14/2015,10:32:43 AM,26,27.8
6/14/2015,10:32:45 AM,26,27.8
6/14/2015,10:32:47 AM,26,27.8
6/14/2015,10:32:49 AM,26,27.8
6/14/2015,10:32:51 AM,26,27.8
6/14/2015,10:32:53 AM,26,27.8
6/14/2015,10:32:55 AM,26,27.8
6/14/2015,10:32:57 AM,26,27.8
6/14/2015,10:32:59 AM,26,27.8
6/14/2015,10:33:01 AM,26,27.8
6/14/2015,10:33:03 AM,26,27.8
6/14/2015,10:33:05 AM,26,27.7
6/14/2015,10:33:07 AM,25,27.8
6/14/2015,10:33:09 AM,26,27.8
6/14/2015,10:33:11 AM,26,27.7
6/14/2015,10:33:13 AM,26,27.7
6/14/2015,10:33:15 AM,25,27.7
6/14/2015,10:33:17 AM,25,27.7
6/14/2015,10:33:19 AM,26,27.7
6/14/2015,10:33:21 AM,25,27.7
6/14/2015,10:33:23 AM,26,27.7
6/14/2015,10:33:25 AM,25,27.7
6/14/2015,10:33:27 AM,26,27.7
6/14/2015,10:33:29 AM,26,27.7
6/14/2015,10:33:31 AM,22,27.7
6/14/2015,10:33:33 AM,26,27.7
6/14/2015,10:33:35 AM,26,27.7
6/14/2015,10:33:37 AM,22,27.7
6/14/2015,10:33:39 AM,22,27.7
6/14/2015,10:33:41 AM,26,27.7
6/14/2015,10:33:43 AM,26,27.7
6/14/2015,10:33:45 AM,26,27.7
6/14/2015,10:33:47 AM,23,27.7
6/14/2015,10:33:49 AM,24,27.7
6/14/2015,10:33:51 AM,26,27.7
6/14/2015,10:33:53 AM,23,27.7
6/14/2015,10:33:55 AM,26,27.7
6/14/2015,10:33:57 AM,24,27.7
6/14/2015,10:33:59 AM,24,27.6
6/14/2015,10:34:01 AM,23,27.7
6/14/2015,10:34:03 AM,25,27.6
6/14/2015,10:34:05 AM,25,27.6
6/14/2015,10:34:07 AM,25,27.6
6/14/2015,10:34:09 AM,22,27.6
6/14/2015,10:34:11 AM,22,27.7
6/14/2015,10:34:13 AM,26,27.7
6/14/2015,10:34:15 AM,24,27.6
6/14/2015,10:34:17 AM,26,27.6
6/14/2015,10:34:19 AM,22,27.6
6/14/2015,10:34:21 AM,24,27.6
6/14/2015,10:34:23 AM,27,27.6
6/14/2015,10:34:25 AM,26,27.6
6/14/2015,10:34:27 AM,26,27.6
6/14/2015,10:34:29 AM,26,27.6
6/14/2015,10:34:31 AM,26,27.6
6/14/2015,10:34:33 AM,24,27.6
6/14/2015,10:34:35 AM,26,27.6
6/14/2015,10:34:37 AM,25,27.6
6/14/2015,10:34:39 AM,26,27.6
6/14/2015,10:34:41 AM,22,27.6
6/14/2015,10:34:43 AM,26,27.6
6/14/2015,10:34:45 AM,26,27.6
6/14/2015,10:34:47 AM,24,27.6
6/14/2015,10:34:49 AM,26,27.6
6/14/2015,10:34:51 AM,23,27.6
6/14/2015,10:34:53 AM,24,27.6
6/14/2015,10:34:55 AM,27,27.6
6/14/2015,10:34:57 AM,25,27.6
6/14/2015,10:34:59 AM,26,27.6
6/14/2015,10:35:01 AM,23,27.6
6/14/2015,10:35:03 AM,25,27.6
6/14/2015,10:35:05 AM,25,27.6
6/14/2015,10:35:07 AM,25,27.6
6/14/2015,10:35:09 AM,23,27.6
6/14/2015,10:35:11 AM,26,27.6
6/14/2015,10:35:13 AM,24,27.6
6/14/2015,10:35:15 AM,25,27.5
6/14/2015,10:35:17 AM,26,27.5
6/14/2015,10:35:19 AM,23,27.5
6/14/2015,10:35:21 AM,26,27.5
6/14/2015,10:35:23 AM,22,27.5
6/14/2015,10:35:25 AM,26,27.5
6/14/2015,10:35:27 AM,25,27.5
6/14/2015,10:35:29 AM,25,27.5
6/14/2015,10:35:31 AM,25,27.5
6/14/2015,10:35:33 AM,24,27.5
6/14/2015,10:35:35 AM,24,27.5
6/14/2015,10:35:37 AM,24,27.5
6/14/2015,10:35:39 AM,23,27.5
6/14/2015,10:35:41 AM,26,27.5
6/14/2015,10:35:43 AM,26,27.5
6/14/2015,10:35:45 AM,22,27.5
6/14/2015,10:35:47 AM,26,27.5
6/14/2015,10:35:49 AM,24,27.5
6/14/2015,10:35:51 AM,26,27.5
6/14/2015,10:35:53 AM,25,27.5
6/14/2015,10:35:55 AM,25,27.5
6/14/2015,10:35:57 AM,25,27.5
6/14/2015,10:35:59 AM,26,27.5
6/14/2015,10:36:01 AM,26,27.4
6/14/2015,10:36:03 AM,26,27.5
6/14/2015,10:36:05 AM,26,27.5
6/14/2015,10:36:07 AM,26,27.5
6/14/2015,10:36:09 AM,25,27.5
6/14/2015,10:36:11 AM,26,27.5
6/14/2015,10:36:13 AM,26,27.5
6/14/2015,10:36:15 AM,22,27.5
6/14/2015,10:36:17 AM,25,27.5
6/14/2015,10:36:19 AM,24,27.5
6/14/2015,10:36:21 AM,26,27.5
6/14/2015,10:36:23 AM,26,27.4
6/14/2015,10:36:25 AM,25,27.4
6/14/2015,10:36:27 AM,27,27.4
6/14/2015,10:36:29 AM,26,27.4
6/14/2015,10:36:31 AM,25,27.4
6/14/2015,10:36:33 AM,23,27.4
6/14/2015,10:36:35 AM,26,27.4
6/14/2015,10:36:37 AM,26,27.4
6/14/2015,10:36:39 AM,23,27.4
6/14/2015,10:36:41 AM,25,27.4
6/14/2015,10:36:43 AM,26,27.4
6/14/2015,10:36:45 AM,25,27.4
6/14/2015,10:36:47 AM,26,27.4
6/14/2015,10:36:49 AM,26,27.4
6/14/2015,10:36:51 AM,24,27.4
6/14/2015,10:36:53 AM,26,27.4
6/14/2015,10:36:55 AM,25,27.4
6/14/2015,10:36:57 AM,25,27.4
6/14/2015,10:36:59 AM,25,27.4
6/14/2015,10:37:01 AM,25,27.4
6/14/2015,10:37:03 AM,25,27.4
6/14/2015,10:37:05 AM,23,27.4
6/14/2015,10:37:07 AM,25,27.4
6/14/2015,10:37:09 AM,26,27.4
6/14/2015,10:37:11 AM,26,27.4
6/14/2015,10:37:13 AM,26,27.4
6/14/2015,10:37:15 AM,25,27.4
6/14/2015,10:37:17 AM,25,27.4
6/14/2015,10:37:19 AM,26,27.4
6/14/2015,10:37:21 AM,24,27.4
6/14/2015,10:37:23 AM,26,27.4
6/14/2015,10:37:25 AM,23,27.4
6/14/2015,10:37:27 AM,25,27.4
6/14/2015,10:37:29 AM,26,27.4
6/14/2015,10:37:31 AM,26,27.3
6/14/2015,10:37:33 AM,26,27.3
6/14/2015,10:37:35 AM,26,27.3
6/14/2015,10:37:37 AM,26,27.4
6/14/2015,10:37:39 AM,25,27.4
6/14/2015,10:37:41 AM,25,27.4
6/14/2015,10:37:43 AM,22,27.4
6/14/2015,10:37:45 AM,26,27.4
6/14/2015,10:37:47 AM,26,27.4
6/14/2015,10:37:49 AM,23,27.4
6/14/2015,10:37:51 AM,26,27.3
6/14/2015,10:37:53 AM,26,27.3
6/14/2015,10:37:55 AM,26,27.3
6/14/2015,10:37:57 AM,26,27.3
6/14/2015,10:37:59 AM,25,27.3
6/14/2015,10:38:01 AM,25,27.3
6/14/2015,10:38:03 AM,26,27.3
6/14/2015,10:38:05 AM,25,27.3
6/14/2015,10:38:07 AM,23,27.3
6/14/2015,10:38:09 AM,26,27.3
6/14/2015,10:38:11 AM,25,27.3
6/14/2015,10:38:13 AM,26,27.3
6/14/2015,10:38:15 AM,23,27.3
6/14/2015,10:38:17 AM,25,27.3
6/14/2015,10:38:19 AM,26,27.3
6/14/2015,10:38:21 AM,26,27.3
6/14/2015,10:38:23 AM,26,27.3
6/14/2015,10:38:25 AM,26,27.3
6/14/2015,10:38:27 AM,24,27.3
6/14/2015,10:38:29 AM,23,27.3
6/14/2015,10:38:31 AM,23,27.2
6/14/2015,10:38:33 AM,26,27.2
6/14/2015,10:38:35 AM,24,27.3
6/14/2015,10:38:37 AM,23,27.3
6/14/2015,10:38:39 AM,25,27.3
6/14/2015,10:38:41 AM,26,27.3
6/14/2015,10:38:43 AM,26,27.3
6/14/2015,10:38:45 AM,26,27.3
6/14/2015,10:38:47 AM,26,27.3
6/14/2015,10:38:49 AM,26,27.2
6/14/2015,10:38:51 AM,26,27.2
6/14/2015,10:38:53 AM,26,27.2
6/14/2015,10:38:55 AM,26,27.2
6/14/2015,10:38:57 AM,25,27.2
6/14/2015,10:38:59 AM,24,27.2
6/14/2015,10:39:01 AM,23,27.2
6/14/2015,10:39:03 AM,26,27.2
6/14/2015,10:39:05 AM,26,27.2
6/14/2015,10:39:07 AM,24,27.2
6/14/2015,10:39:09 AM,26,27.2
6/14/2015,10:39:11 AM,23,27.2
6/14/2015,10:39:13 AM,26,27.2
6/14/2015,10:39:15 AM,25,27.2
6/14/2015,10:39:17 AM,25,27.2
6/14/2015,10:39:19 AM,26,27.2
6/14/2015,10:39:21 AM,26,27.2
6/14/2015,10:39:23 AM,22,27.2
6/14/2015,10:39:25 AM,25,27.2
6/14/2015,10:39:27 AM,25,27.2
6/14/2015,10:39:29 AM,26,27.1
6/14/2015,10:39:31 AM,26,27.2
6/14/2015,10:39:33 AM,26,27.2
6/14/2015,10:39:35 AM,26,27.2
6/14/2015,10:39:37 AM,26,27.2
6/14/2015,10:39:39 AM,26,27.2
6/14/2015,10:39:41 AM,22,27.2
6/14/2015,10:39:43 AM,24,27.2
6/14/2015,10:39:45 AM,26,27.2
6/14/2015,10:39:47 AM,22,27.2
6/14/2015,10:39:49 AM,23,27.2
6/14/2015,10:39:51 AM,26,27.2
6/14/2015,10:39:53 AM,26,27.2
6/14/2015,10:39:55 AM,24,27.2
6/14/2015,10:39:57 AM,24,27.2
6/14/2015,10:39:59 AM,26,27.1
6/14/2015,10:40:01 AM,26,27.2
6/14/2015,10:40:03 AM,26,27.1
6/14/2015,10:40:05 AM,26,27.1
6/14/2015,10:40:07 AM,26,27.1
6/14/2015,10:40:09 AM,26,27.1
6/14/2015,10:40:11 AM,23,27.1
6/14/2015,10:40:13 AM,25,27.1
6/14/2015,10:40:15 AM,25,27.1
6/14/2015,10:40:17 AM,25,27.1
6/14/2015,10:40:19 AM,23,27
6/14/2015,10:40:21 AM,22,27
6/14/2015,10:40:23 AM,22,27.1
6/14/2015,10:40:25 AM,24,27.1
6/14/2015,10:40:27 AM,22,27
6/14/2015,10:40:29 AM,26,27
6/14/2015,10:40:31 AM,23,27.1
6/14/2015,10:40:33 AM,26,27.1
6/14/2015,10:40:35 AM,25,27.1
6/14/2015,10:40:37 AM,25,27.1
6/14/2015,10:40:39 AM,26,27.1
6/14/2015,10:40:41 AM,23,27.1
6/14/2015,10:40:43 AM,22,27.1
6/14/2015,10:40:45 AM,26,27.1
6/14/2015,10:40:47 AM,26,27.1
6/14/2015,10:40:49 AM,25,27.1
6/14/2015,10:40:51 AM,26,27.1
6/14/2015,10:40:53 AM,26,27.1
6/14/2015,10:40:55 AM,26,27.1
6/14/2015,10:40:57 AM,26,27
6/14/2015,10:40:59 AM,24,27
6/14/2015,10:41:01 AM,22,27
6/14/2015,10:41:03 AM,22,27
6/14/2015,10:41:05 AM,24,27
6/14/2015,10:41:07 AM,22,27
6/14/2015,10:41:09 AM,26,27
6/14/2015,10:41:11 AM,23,27
6/14/2015,10:41:13 AM,26,27
6/14/2015,10:41:15 AM,26,27
6/14/2015,10:41:17 AM,25,27
6/14/2015,10:41:19 AM,25,27
6/14/2015,10:41:21 AM,26,27
6/14/2015,10:41:23 AM,26,27
6/14/2015,10:41:25 AM,26,27
6/14/2015,10:41:27 AM,23,27
6/14/2015,10:41:29 AM,26,27
6/14/2015,10:41:31 AM,23,27
6/14/2015,10:41:33 AM,26,27
6/14/2015,10:41:35 AM,26,27
6/14/2015,10:41:37 AM,25,27
6/14/2015,10:41:39 AM,27,27
6/14/2015,10:41:41 AM,27,27
6/14/2015,10:41:43 AM,26,27
6/14/2015,10:41:45 AM,27,27.1
6/14/2015,10:41:47 AM,27,27.1
6/14/2015,10:41:49 AM,27,27.1
6/14/2015,10:41:51 AM,27,27.1
6/14/2015,10:41:53 AM,26,27.1
6/14/2015,10:41:55 AM,26,27.1
6/14/2015,10:41:57 AM,27,27.1
6/14/2015,10:41:59 AM,26,27.1
6/14/2015,10:42:01 AM,26,27.2
6/14/2015,10:42:03 AM,26,27.2
6/14/2015,10:42:05 AM,24,27.2
6/14/2015,10:42:07 AM,24,27.3
6/14/2015,10:42:09 AM,26,27.3
6/14/2015,10:42:11 AM,24,27.3
6/14/2015,10:42:13 AM,26,27.2
6/14/2015,10:42:15 AM,26,27.2
6/14/2015,10:42:17 AM,26,27.3
6/14/2015,10:42:19 AM,27,27.3
6/14/2015,10:42:21 AM,24,27.3
6/14/2015,10:42:23 AM,26,27.3
6/14/2015,10:42:25 AM,25,27.4
6/14/2015,10:42:27 AM,27,27.4
6/14/2015,10:42:29 AM,23,27.4
6/14/2015,10:42:31 AM,27,27.4
6/14/2015,10:42:33 AM,25,27.5
6/14/2015,10:42:35 AM,26,27.5
6/14/2015,10:42:37 AM,26,27.5
6/14/2015,10:42:39 AM,26,27.5
6/14/2015,10:42:41 AM,24,27.5
6/14/2015,10:42:43 AM,26,27.5
6/14/2015,10:42:45 AM,27,27.5
6/14/2015,10:42:47 AM,27,27.5
6/14/2015,10:42:49 AM,27,27.6
6/14/2015,10:42:51 AM,24,27.6
6/14/2015,10:42:53 AM,28,27.6
6/14/2015,10:42:55 AM,23,27.6
6/14/2015,10:42:57 AM,27,27.7
6/14/2015,10:42:59 AM,27,27.6
6/14/2015,10:43:01 AM,27,27.7
6/14/2015,10:43:03 AM,26,27.7
6/14/2015,10:43:05 AM,27,27.7
6/14/2015,10:43:07 AM,27,27.7
6/14/2015,10:43:09 AM,27,27.7
6/14/2015,10:43:11 AM,26,27.8
6/14/2015,10:43:13 AM,24,27.8
6/14/2015,10:43:15 AM,23,27.8
6/14/2015,10:43:17 AM,26,27.8
6/14/2015,10:43:19 AM,27,27.8
6/14/2015,10:43:21 AM,25,27.8
6/14/2015,10:43:23 AM,28,27.8
6/14/2015,10:43:25 AM,27,27.8
6/14/2015,10:43:27 AM,27,27.8
6/14/2015,10:43:29 AM,26,27.9
6/14/2015,10:43:31 AM,27,27.9
6/14/2015,10:43:33 AM,24,27.9
6/14/2015,10:43:35 AM,27,27.9
6/14/2015,10:43:37 AM,26,27.9
6/14/2015,10:43:39 AM,29,28
6/14/2015,10:43:41 AM,29,28
6/14/2015,10:43:43 AM,26,28
6/14/2015,10:43:45 AM,29,28
6/14/2015,10:43:47 AM,29,28
6/14/2015,10:43:49 AM,25,28.1
6/14/2015,10:43:51 AM,25,28.1
6/14/2015,10:43:53 AM,28,28.1
6/14/2015,10:43:55 AM,28,28.1
6/14/2015,10:43:57 AM,28,28.1
6/14/2015,10:43:59 AM,28,28.1
6/14/2015,10:44:01 AM,29,28.1
6/14/2015,10:44:03 AM,27,28.1
6/14/2015,10:44:05 AM,29,28.2
6/14/2015,10:44:07 AM,29,28.2
6/14/2015,10:44:09 AM,28,28.2
6/14/2015,10:44:11 AM,28,28.2
6/14/2015,10:44:13 AM,28,28.2
6/14/2015,10:44:15 AM,28,28.2
6/14/2015,10:44:17 AM,25,28.2
6/14/2015,10:44:19 AM,27,28.2
6/14/2015,10:44:21 AM,29,28.3
6/14/2015,10:44:23 AM,27,28.3
6/14/2015,10:44:25 AM,29,28.3
6/14/2015,10:44:27 AM,29,28.3
6/14/2015,10:44:29 AM,29,28.3
6/14/2015,10:44:31 AM,26,28.3
6/14/2015,10:44:33 AM,26,28.3
6/14/2015,10:44:35 AM,26,28.3
6/14/2015,10:44:37 AM,29,28.4
6/14/2015,10:44:39 AM,27,28.3
6/14/2015,10:44:41 AM,29,28.4
6/14/2015,10:44:43 AM,26,28.4
6/14/2015,10:44:45 AM,29,28.4
6/14/2015,10:44:47 AM,29,28.4
6/14/2015,10:44:49 AM,29,28.4
6/14/2015,10:44:51 AM,29,28.4
6/14/2015,10:44:53 AM,29,28.4
6/14/2015,10:44:55 AM,29,28.5
6/14/2015,10:44:57 AM,30,28.5
6/14/2015,10:44:59 AM,30,28.5
6/14/2015,10:45:01 AM,26,28.5
6/14/2015,10:45:03 AM,27,28.5
6/14/2015,10:45:05 AM,30,28.5
6/14/2015,10:45:07 AM,30,28.6
6/14/2015,10:45:09 AM,29,28.6
6/14/2015,10:45:11 AM,29,28.5
6/14/2015,10:45:13 AM,30,28.6
6/14/2015,10:45:15 AM,30,28.6
6/14/2015,10:45:17 AM,29,28.6
6/14/2015,10:45:19 AM,30,28.6
6/14/2015,10:45:21 AM,28,28.6
6/14/2015,10:45:23 AM,28,28.7
6/14/2015,10:45:25 AM,30,28.7
6/14/2015,10:45:27 AM,29,28.7
6/14/2015,10:45:29 AM,30,28.7
6/14/2015,10:45:31 AM,30,28.7
6/14/2015,10:45:33 AM,28,28.7
6/14/2015,10:45:35 AM,30,28.7
6/14/2015,10:45:37 AM,27,28.7
6/14/2015,10:45:39 AM,30,28.7
6/14/2015,10:45:41 AM,26,28.7
6/14/2015,10:45:43 AM,30,28.7
6/14/2015,10:45:45 AM,30,28.8
6/14/2015,10:45:47 AM,26,28.8
6/14/2015,10:45:49 AM,30,28.8
6/14/2015,10:45:51 AM,26,28.8
6/14/2015,10:45:53 AM,30,28.8
6/14/2015,10:45:55 AM,28,28.8
6/14/2015,10:45:57 AM,30,28.9
6/14/2015,10:45:59 AM,30,28.8
6/14/2015,10:46:01 AM,26,28.9
6/14/2015,10:46:03 AM,29,28.9
6/14/2015,10:46:05 AM,28,28.9
6/14/2015,10:46:07 AM,30,28.9
6/14/2015,10:46:09 AM,30,28.9
6/14/2015,10:46:11 AM,30,28.9
6/14/2015,10:46:13 AM,30,28.9
6/14/2015,10:46:15 AM,30,28.9
6/14/2015,10:46:17 AM,30,29
6/14/2015,10:46:19 AM,30,29
6/14/2015,10:46:21 AM,29,29
6/14/2015,10:46:23 AM,30,29
6/14/2015,10:46:25 AM,30,29
6/14/2015,10:46:27 AM,30,29
6/14/2015,10:46:29 AM,29,29
6/14/2015,10:46:31 AM,30,29
6/14/2015,10:46:33 AM,30,29.1
6/14/2015,10:46:35 AM,30,29.1
6/14/2015,10:46:37 AM,30,29.1
6/14/2015,10:46:39 AM,28,29.1
6/14/2015,10:46:41 AM,30,29.1
6/14/2015,10:46:43 AM,30,29.1
6/14/2015,10:46:45 AM,30,29.1
6/14/2015,10:46:47 AM,30,29.1
6/14/2015,10:46:49 AM,30,29.1
6/14/2015,10:46:51 AM,30,29.2
6/14/2015,10:46:53 AM,30,29.2
6/14/2015,10:46:55 AM,29,29.2
6/14/2015,10:46:57 AM,30,29.2
6/14/2015,10:46:59 AM,30,29.2
6/14/2015,10:47:01 AM,30,29.2
6/14/2015,10:47:03 AM,30,29.2
6/14/2015,10:47:05 AM,30,29.2
6/14/2015,10:47:07 AM,29,29.2
6/14/2015,10:47:09 AM,30,29.2
6/14/2015,10:47:11 AM,30,29.2
6/14/2015,10:47:13 AM,30,29.3
6/14/2015,10:47:15 AM,30,29.3
6/14/2015,10:47:17 AM,29,29.3
6/14/2015,10:47:19 AM,29,29.3
6/14/2015,10:47:21 AM,30,29.3
6/14/2015,10:47:23 AM,30,29.3
6/14/2015,10:47:25 AM,30,29.3
6/14/2015,10:47:27 AM,30,29.3
6/14/2015,10:47:29 AM,30,29.4
6/14/2015,10:47:31 AM,28,29.4
6/14/2015,10:47:33 AM,29,29.4
6/14/2015,10:47:35 AM,30,29.4
6/14/2015,10:47:37 AM,30,29.4
6/14/2015,10:47:39 AM,28,29.4
6/14/2015,10:47:41 AM,30,29.4
6/14/2015,10:47:43 AM,30,29.4
6/14/2015,10:47:45 AM,30,29.4
6/14/2015,10:47:47 AM,30,29.4
6/14/2015,10:47:49 AM,30,29.5
6/14/2015,10:47:51 AM,30,29.5
6/14/2015,10:47:53 AM,29,29.5
6/14/2015,10:47:55 AM,30,29.5
6/14/2015,10:47:57 AM,30,29.5
6/14/2015,10:47:59 AM,29,29.5
6/14/2015,10:48:01 AM,27,29.5
6/14/2015,10:48:03 AM,30,29.5
6/14/2015,10:48:05 AM,30,29.5
6/14/2015,10:48:07 AM,30,29.5
6/14/2015,10:48:09 AM,30,29.5
6/14/2015,10:48:11 AM,30,29.6
6/14/2015,10:48:13 AM,30,29.6
6/14/2015,10:48:15 AM,27,29.6
6/14/2015,10:48:17 AM,27,29.6
6/14/2015,10:48:19 AM,30,29.6
6/14/2015,10:48:21 AM,30,29.6
6/14/2015,10:48:23 AM,30,29.6
6/14/2015,10:48:25 AM,30,29.6
6/14/2015,10:48:27 AM,28,29.6
6/14/2015,10:48:29 AM,28,29.6
6/14/2015,10:48:31 AM,27,29.6
6/14/2015,10:48:33 AM,28,29.6
6/14/2015,10:48:35 AM,28,29.6
6/14/2015,10:48:37 AM,29,29.6
6/14/2015,10:48:39 AM,29,29.6
6/14/2015,10:48:41 AM,29,29.6
6/14/2015,10:48:43 AM,30,29.7
6/14/2015,10:48:45 AM,26,29.7
6/14/2015,10:48:47 AM,30,29.7
6/14/2015,10:48:49 AM,29,29.7
6/14/2015,10:48:51 AM,30,29.7
6/14/2015,10:48:53 AM,27,29.7
6/14/2015,10:48:55 AM,30,29.7
6/14/2015,10:48:57 AM,30,29.7
6/14/2015,10:48:59 AM,30,29.7
6/14/2015,10:49:01 AM,30,29.7
6/14/2015,10:49:03 AM,28,29.7
6/14/2015,10:49:05 AM,30,29.7
6/14/2015,10:49:07 AM,30,29.7
6/14/2015,10:49:09 AM,30,29.8
6/14/2015,10:49:11 AM,30,29.7
6/14/2015,10:49:13 AM,31,29.7
6/14/2015,10:49:15 AM,31,29.7
6/14/2015,10:49:17 AM,31,29.8
6/14/2015,10:49:19 AM,31,29.8
6/14/2015,10:49:21 AM,31,29.8
6/14/2015,10:49:23 AM,29,29.8
6/14/2015,10:49:25 AM,31,29.8
6/14/2015,10:49:27 AM,31,29.8
6/14/2015,10:49:29 AM,28,29.8
6/14/2015,10:49:31 AM,29,29.8
6/14/2015,10:49:33 AM,31,29.8
6/14/2015,10:49:35 AM,27,29.9
6/14/2015,10:49:37 AM,31,29.9
6/14/2015,10:49:39 AM,31,29.9
6/14/2015,10:49:41 AM,27,29.9
6/14/2015,10:49:43 AM,31,29.9
6/14/2015,10:49:45 AM,31,29.9
6/14/2015,10:49:47 AM,31,29.9
6/14/2015,10:49:49 AM,31,29.9
6/14/2015,10:49:51 AM,31,29.9
6/14/2015,10:49:53 AM,30,29.9
6/14/2015,10:49:55 AM,28,29.9
6/14/2015,10:49:57 AM,31,30
6/14/2015,10:49:59 AM,31,30
6/14/2015,10:50:01 AM,31,30
6/14/2015,10:50:03 AM,28,30
6/14/2015,10:50:05 AM,28,30
6/14/2015,10:50:07 AM,30,30
6/14/2015,10:50:09 AM,30,30
